Customer ID,Predicted Disengagement Prob,Actual Month 5 Disengaged
CUST00001,0.7866,1
CUST00002,0.3324,1
CUST00003,0.7268,1
CUST00004,0.0024,0
CUST00005,0.7289,0
CUST00006,0.0032,0
CUST00007,0.0794,0
CUST00008,0.1414,0
CUST00009,0.0337,0
CUST00010,0.0031,0
CUST00011,0.057,0
CUST00012,0.0028,0
CUST00013,0.4291,1
CUST00014,0.1502,0
CUST00015,0.2945,0
CUST00016,0.0918,0
CUST00017,0.0619,0
CUST00018,0.3514,0
CUST00019,0.1059,0
CUST00020,0.8036,0
CUST00021,0.0066,0
CUST00022,0.6776,1
CUST00023,0.5935,1
CUST00024,0.9435,1
CUST00025,0.0067,0
CUST00026,0.1177,0
CUST00027,0.3431,0
CUST00028,0.8125,1
CUST00029,0.0051,0
CUST00030,0.0112,0
CUST00031,0.6212,1
CUST00032,0.0028,0
CUST00033,0.7979,1
CUST00034,0.5507,0
CUST00035,0.3314,0
CUST00036,0.0039,0
CUST00037,0.0022,0
CUST00038,0.0246,0
CUST00039,0.0653,0
CUST00040,0.2965,0
CUST00041,0.8653,1
CUST00042,0.0034,0
CUST00043,0.0247,0
CUST00044,0.0781,0
CUST00045,0.4743,0
CUST00046,0.0052,0
CUST00047,0.7578,0
CUST00048,0.8632,1
CUST00049,0.0068,0
CUST00050,0.0027,0
CUST00051,0.7937,1
CUST00052,0.3005,1
CUST00053,0.3732,0
CUST00054,0.1637,0
CUST00055,0.0026,0
CUST00056,0.0101,0
CUST00057,0.4223,1
CUST00058,0.0028,0
CUST00059,0.9097,1
CUST00060,0.9303,1
CUST00061,0.0036,0
CUST00062,0.0019,0
CUST00063,0.0018,0
CUST00064,0.9172,1
CUST00065,0.8618,1
CUST00066,0.0181,0
CUST00067,0.0101,0
CUST00068,0.6433,1
CUST00069,0.1376,0
CUST00070,0.0069,0
CUST00071,0.6287,1
CUST00072,0.1112,0
CUST00073,0.0022,0
CUST00074,0.0027,0
CUST00075,0.114,0
CUST00076,0.3889,0
CUST00077,0.9462,1
CUST00078,0.0748,0
CUST00079,0.101,0
CUST00080,0.2321,0
CUST00081,0.0099,0
CUST00082,0.1641,0
CUST00083,0.0025,0
CUST00084,0.0067,0
CUST00085,0.3185,0
CUST00086,0.237,0
CUST00087,0.0878,1
CUST00088,0.0124,0
CUST00089,0.0207,0
CUST00090,0.1754,0
CUST00091,0.5856,0
CUST00092,0.495,1
CUST00093,0.6872,0
CUST00094,0.0288,0
CUST00095,0.448,0
CUST00096,0.872,1
CUST00097,0.29,0
CUST00098,0.0268,0
CUST00099,0.0191,0
CUST00100,0.0106,0
CUST00101,0.7477,1
CUST00102,0.2781,0
CUST00103,0.2279,0
CUST00104,0.4742,1
CUST00105,0.0399,0
CUST00106,0.6646,1
CUST00107,0.4882,0
CUST00108,0.0423,0
CUST00109,0.0031,0
CUST00110,0.2332,0
CUST00111,0.9493,1
CUST00112,0.0556,0
CUST00113,0.0802,0
CUST00114,0.0436,0
CUST00115,0.7938,1
CUST00116,0.7149,1
CUST00117,0.0075,0
CUST00118,0.0025,0
CUST00119,0.3675,0
CUST00120,0.3572,0
CUST00121,0.0812,0
CUST00122,0.0934,0
CUST00123,0.2646,1
CUST00124,0.0024,0
CUST00125,0.0743,0
CUST00126,0.4204,0
CUST00127,0.0034,0
CUST00128,0.733,1
CUST00129,0.002,0
CUST00130,0.0534,0
CUST00131,0.0056,0
CUST00132,0.0607,0
CUST00133,0.0151,0
CUST00134,0.0916,1
CUST00135,0.0033,0
CUST00136,0.0017,0
CUST00137,0.0065,0
CUST00138,0.1583,0
CUST00139,0.737,0
CUST00140,0.0017,0
CUST00141,0.019,0
CUST00142,0.5501,1
CUST00143,0.0101,0
CUST00144,0.693,1
CUST00145,0.0408,0
CUST00146,0.2496,0
CUST00147,0.0031,0
CUST00148,0.0113,0
CUST00149,0.3956,0
CUST00150,0.7335,0
CUST00151,0.7104,1
CUST00152,0.0017,0
CUST00153,0.0136,0
CUST00154,0.0064,0
CUST00155,0.3266,0
CUST00156,0.1067,0
CUST00157,0.1076,0
CUST00158,0.1579,0
CUST00159,0.0093,0
CUST00160,0.1894,0
CUST00161,0.5483,0
CUST00162,0.1296,0
CUST00163,0.6987,0
CUST00164,0.0028,0
CUST00165,0.5106,0
CUST00166,0.5068,0
CUST00167,0.856,0
CUST00168,0.0034,0
CUST00169,0.0219,0
CUST00170,0.0026,0
CUST00171,0.0094,0
CUST00172,0.0035,0
CUST00173,0.1943,0
CUST00174,0.6007,1
CUST00175,0.3076,0
CUST00176,0.0983,0
CUST00177,0.5757,1
CUST00178,0.0809,0
CUST00179,0.0366,0
CUST00180,0.7867,1
CUST00181,0.0023,0
CUST00182,0.3618,0
CUST00183,0.8084,1
CUST00184,0.4265,1
CUST00185,0.7146,0
CUST00186,0.0021,0
CUST00187,0.0022,0
CUST00188,0.0123,0
CUST00189,0.4827,1
CUST00190,0.767,1
CUST00191,0.1451,1
CUST00192,0.0151,0
CUST00193,0.0305,0
CUST00194,0.0387,0
CUST00195,0.0092,0
CUST00196,0.0115,0
CUST00197,0.7814,1
CUST00198,0.3851,1
CUST00199,0.3925,0
CUST00200,0.3816,0
CUST00201,0.0355,0
CUST00202,0.1269,0
CUST00203,0.0041,0
CUST00204,0.0354,0
CUST00205,0.4185,0
CUST00206,0.0026,0
CUST00207,0.4058,0
CUST00208,0.3848,1
CUST00209,0.0068,0
CUST00210,0.5582,0
CUST00211,0.362,1
CUST00212,0.0027,0
CUST00213,0.0028,0
CUST00214,0.5035,1
CUST00215,0.0103,0
CUST00216,0.8343,1
CUST00217,0.4762,0
CUST00218,0.4632,1
CUST00219,0.2219,0
CUST00220,0.002,0
CUST00221,0.0586,0
CUST00222,0.9417,1
CUST00223,0.0109,0
CUST00224,0.0027,0
CUST00225,0.6283,1
CUST00226,0.0146,0
CUST00227,0.0267,0
CUST00228,0.2066,0
CUST00229,0.1666,0
CUST00230,0.0207,0
CUST00231,0.707,1
CUST00232,0.5038,1
CUST00233,0.8965,1
CUST00234,0.0062,0
CUST00235,0.0132,0
CUST00236,0.0027,0
CUST00237,0.0035,0
CUST00238,0.2329,0
CUST00239,0.1911,0
CUST00240,0.7776,1
CUST00241,0.0108,0
CUST00242,0.0035,0
CUST00243,0.0669,0
CUST00244,0.0774,0
CUST00245,0.3968,0
CUST00246,0.0905,0
CUST00247,0.9426,1
CUST00248,0.4015,0
CUST00249,0.816,0
CUST00250,0.2997,0
CUST00251,0.4974,1
CUST00252,0.7556,1
CUST00253,0.2305,0
CUST00254,0.0034,0
CUST00255,0.5135,0
CUST00256,0.4698,1
CUST00257,0.8182,1
CUST00258,0.0105,0
CUST00259,0.3155,0
CUST00260,0.0077,0
CUST00261,0.0412,0
CUST00262,0.0216,0
CUST00263,0.7817,0
CUST00264,0.0031,0
CUST00265,0.0361,0
CUST00266,0.0685,0
CUST00267,0.375,1
CUST00268,0.0021,0
CUST00269,0.9309,1
CUST00270,0.3922,1
CUST00271,0.0669,0
CUST00272,0.0877,0
CUST00273,0.0062,0
CUST00274,0.0026,0
CUST00275,0.0074,0
CUST00276,0.013,0
CUST00277,0.4107,0
CUST00278,0.1289,0
CUST00279,0.0025,0
CUST00280,0.8163,1
CUST00281,0.8406,1
CUST00282,0.7344,1
CUST00283,0.0147,0
CUST00284,0.146,1
CUST00285,0.8769,1
CUST00286,0.0725,0
CUST00287,0.0253,0
CUST00288,0.028,0
CUST00289,0.445,0
CUST00290,0.5646,1
CUST00291,0.0051,0
CUST00292,0.3868,1
CUST00293,0.2354,1
CUST00294,0.5597,0
CUST00295,0.0028,0
CUST00296,0.0046,0
CUST00297,0.071,0
CUST00298,0.0642,0
CUST00299,0.4444,1
CUST00300,0.003,0
CUST00301,0.0061,0
CUST00302,0.0092,0
CUST00303,0.3787,1
CUST00304,0.3066,0
CUST00305,0.0018,0
CUST00306,0.7685,1
CUST00307,0.6967,1
CUST00308,0.0307,0
CUST00309,0.0028,0
CUST00310,0.0018,0
CUST00311,0.4947,0
CUST00312,0.1507,0
CUST00313,0.6009,0
CUST00314,0.2806,0
CUST00315,0.0124,0
CUST00316,0.8756,1
CUST00317,0.2914,0
CUST00318,0.1573,0
CUST00319,0.4943,0
CUST00320,0.4658,0
CUST00321,0.2284,0
CUST00322,0.5902,0
CUST00323,0.0302,0
CUST00324,0.0024,0
CUST00325,0.0036,0
CUST00326,0.0025,0
CUST00327,0.0977,0
CUST00328,0.3073,1
CUST00329,0.6755,1
CUST00330,0.0033,0
CUST00331,0.0023,0
CUST00332,0.8911,1
CUST00333,0.2421,0
CUST00334,0.8396,1
CUST00335,0.8706,1
CUST00336,0.0024,0
CUST00337,0.0069,0
CUST00338,0.0052,0
CUST00339,0.4657,1
CUST00340,0.869,1
CUST00341,0.5545,1
CUST00342,0.8,1
CUST00343,0.0136,0
CUST00344,0.0533,0
CUST00345,0.0043,0
CUST00346,0.0089,0
CUST00347,0.0684,0
CUST00348,0.6603,1
CUST00349,0.9239,1
CUST00350,0.0987,1
CUST00351,0.6329,0
CUST00352,0.7994,1
CUST00353,0.0207,0
CUST00354,0.1584,1
CUST00355,0.8302,1
CUST00356,0.0032,0
CUST00357,0.778,1
CUST00358,0.2133,0
CUST00359,0.9226,1
CUST00360,0.6643,1
CUST00361,0.406,0
CUST00362,0.6861,0
CUST00363,0.0788,0
CUST00364,0.5389,0
CUST00365,0.0241,0
CUST00366,0.3392,0
CUST00367,0.7268,1
CUST00368,0.0085,0
CUST00369,0.6184,1
CUST00370,0.0246,0
CUST00371,0.3493,0
CUST00372,0.4038,0
CUST00373,0.0083,0
CUST00374,0.8224,0
CUST00375,0.003,0
CUST00376,0.3432,1
CUST00377,0.0025,0
CUST00378,0.1301,0
CUST00379,0.1235,0
CUST00380,0.0029,0
CUST00381,0.1465,0
CUST00382,0.748,1
CUST00383,0.4881,0
CUST00384,0.0367,0
CUST00385,0.3152,0
CUST00386,0.0685,0
CUST00387,0.0395,0
CUST00388,0.004,0
CUST00389,0.0621,0
CUST00390,0.2292,0
CUST00391,0.4422,1
CUST00392,0.2721,0
CUST00393,0.1787,0
CUST00394,0.8933,1
CUST00395,0.3186,0
CUST00396,0.5919,0
CUST00397,0.1305,0
CUST00398,0.0019,0
CUST00399,0.0028,0
CUST00400,0.3654,0
CUST00401,0.0743,0
CUST00402,0.8257,1
CUST00403,0.0194,0
CUST00404,0.7094,1
CUST00405,0.9547,1
CUST00406,0.4466,0
CUST00407,0.0228,0
CUST00408,0.0403,0
CUST00409,0.0022,0
CUST00410,0.0121,0
CUST00411,0.002,0
CUST00412,0.9414,1
CUST00413,0.0077,0
CUST00414,0.1022,0
CUST00415,0.5196,1
CUST00416,0.6201,1
CUST00417,0.0704,0
CUST00418,0.856,1
CUST00419,0.4172,1
CUST00420,0.0025,0
CUST00421,0.081,0
CUST00422,0.0022,0
CUST00423,0.6834,1
CUST00424,0.0026,0
CUST00425,0.0033,0
CUST00426,0.0304,0
CUST00427,0.002,0
CUST00428,0.0047,0
CUST00429,0.8411,1
CUST00430,0.016,0
CUST00431,0.9298,1
CUST00432,0.3843,0
CUST00433,0.421,1
CUST00434,0.3388,1
CUST00435,0.2483,0
CUST00436,0.0114,0
CUST00437,0.0024,0
CUST00438,0.0218,0
CUST00439,0.038,0
CUST00440,0.8345,1
CUST00441,0.0019,0
CUST00442,0.4668,0
CUST00443,0.0021,0
CUST00444,0.0045,0
CUST00445,0.3661,1
CUST00446,0.241,1
CUST00447,0.129,0
CUST00448,0.0937,0
CUST00449,0.8726,1
CUST00450,0.0174,0
CUST00451,0.0371,0
CUST00452,0.002,0
CUST00453,0.1364,0
CUST00454,0.0077,0
CUST00455,0.1247,0
CUST00456,0.0066,0
CUST00457,0.8887,1
CUST00458,0.1352,0
CUST00459,0.74,0
CUST00460,0.1032,0
CUST00461,0.0446,0
CUST00462,0.4072,1
CUST00463,0.2431,0
CUST00464,0.116,0
CUST00465,0.0038,0
CUST00466,0.0023,0
CUST00467,0.1339,0
CUST00468,0.0099,0
CUST00469,0.905,1
CUST00470,0.0629,0
CUST00471,0.1924,0
CUST00472,0.0045,0
CUST00473,0.4303,1
CUST00474,0.005,0
CUST00475,0.0037,0
CUST00476,0.6794,1
CUST00477,0.3973,0
CUST00478,0.2015,1
CUST00479,0.0029,0
CUST00480,0.002,0
CUST00481,0.0023,0
CUST00482,0.138,0
CUST00483,0.002,0
CUST00484,0.0084,0
CUST00485,0.0027,0
CUST00486,0.5128,1
CUST00487,0.0268,0
CUST00488,0.0625,0
CUST00489,0.1722,0
CUST00490,0.0025,0
CUST00491,0.3212,1
CUST00492,0.4504,1
CUST00493,0.3635,0
CUST00494,0.0348,0
CUST00495,0.0028,0
CUST00496,0.2707,1
CUST00497,0.7761,0
CUST00498,0.2784,0
CUST00499,0.463,0
CUST00500,0.1844,0
CUST00501,0.0116,0
CUST00502,0.0355,0
CUST00503,0.2496,0
CUST00504,0.0818,0
CUST00505,0.0022,0
CUST00506,0.8745,1
CUST00507,0.2788,0
CUST00508,0.0729,1
CUST00509,0.5833,1
CUST00510,0.7707,0
CUST00511,0.0022,0
CUST00512,0.7702,1
CUST00513,0.3475,0
CUST00514,0.0084,0
CUST00515,0.0088,0
CUST00516,0.0034,0
CUST00517,0.0998,1
CUST00518,0.04,0
CUST00519,0.0956,0
CUST00520,0.0876,0
CUST00521,0.0306,0
CUST00522,0.0474,0
CUST00523,0.0028,0
CUST00524,0.9344,1
CUST00525,0.0031,0
CUST00526,0.0034,0
CUST00527,0.8439,1
CUST00528,0.0304,0
CUST00529,0.5171,0
CUST00530,0.0146,0
CUST00531,0.211,1
CUST00532,0.4505,0
CUST00533,0.0037,0
CUST00534,0.3056,0
CUST00535,0.2345,0
CUST00536,0.0384,0
CUST00537,0.6143,0
CUST00538,0.0119,0
CUST00539,0.0025,0
CUST00540,0.0535,0
CUST00541,0.6716,0
CUST00542,0.9,1
CUST00543,0.7092,1
CUST00544,0.2178,0
CUST00545,0.0028,0
CUST00546,0.8197,1
CUST00547,0.4467,0
CUST00548,0.3323,1
CUST00549,0.3977,0
CUST00550,0.0025,0
CUST00551,0.5413,0
CUST00552,0.0129,0
CUST00553,0.8589,1
CUST00554,0.6688,0
CUST00555,0.8028,1
CUST00556,0.0104,0
CUST00557,0.0181,0
CUST00558,0.0852,0
CUST00559,0.0028,0
CUST00560,0.3609,0
CUST00561,0.185,0
CUST00562,0.0079,0
CUST00563,0.7694,1
CUST00564,0.2003,0
CUST00565,0.039,0
CUST00566,0.0244,0
CUST00567,0.0965,0
CUST00568,0.2129,0
CUST00569,0.0188,0
CUST00570,0.5094,0
CUST00571,0.0027,0
CUST00572,0.0062,0
CUST00573,0.0075,0
CUST00574,0.1993,0
CUST00575,0.1624,0
CUST00576,0.0676,0
CUST00577,0.0952,0
CUST00578,0.0309,0
CUST00579,0.2319,0
CUST00580,0.1303,1
CUST00581,0.0055,0
CUST00582,0.1115,0
CUST00583,0.032,0
CUST00584,0.0054,0
CUST00585,0.1521,1
CUST00586,0.3181,1
CUST00587,0.3657,0
CUST00588,0.6488,1
CUST00589,0.008,0
CUST00590,0.3769,1
CUST00591,0.7194,1
CUST00592,0.0155,0
CUST00593,0.0226,0
CUST00594,0.005,0
CUST00595,0.2122,0
CUST00596,0.3169,0
CUST00597,0.443,0
CUST00598,0.0031,0
CUST00599,0.0174,0
CUST00600,0.0757,0
CUST00601,0.2288,0
CUST00602,0.863,1
CUST00603,0.0034,0
CUST00604,0.0104,0
CUST00605,0.0021,0
CUST00606,0.1158,0
CUST00607,0.0089,0
CUST00608,0.1255,1
CUST00609,0.8192,1
CUST00610,0.0394,0
CUST00611,0.0483,0
CUST00612,0.002,0
CUST00613,0.7836,1
CUST00614,0.737,1
CUST00615,0.028,0
CUST00616,0.7363,1
CUST00617,0.0043,0
CUST00618,0.0233,0
CUST00619,0.4568,0
CUST00620,0.0026,0
CUST00621,0.5515,1
CUST00622,0.0024,0
CUST00623,0.0029,0
CUST00624,0.0796,0
CUST00625,0.2762,0
CUST00626,0.024,0
CUST00627,0.4016,1
CUST00628,0.6811,1
CUST00629,0.0047,0
CUST00630,0.7418,1
CUST00631,0.005,0
CUST00632,0.1296,1
CUST00633,0.0344,0
CUST00634,0.002,0
CUST00635,0.0102,0
CUST00636,0.0066,0
CUST00637,0.8504,1
CUST00638,0.7973,1
CUST00639,0.0071,0
CUST00640,0.2359,0
CUST00641,0.1207,0
CUST00642,0.4843,1
CUST00643,0.0426,0
CUST00644,0.3601,1
CUST00645,0.3147,0
CUST00646,0.0035,0
CUST00647,0.0027,0
CUST00648,0.0379,0
CUST00649,0.8858,1
CUST00650,0.0016,0
CUST00651,0.146,0
CUST00652,0.4346,0
CUST00653,0.0077,0
CUST00654,0.8065,1
CUST00655,0.8401,1
CUST00656,0.0935,0
CUST00657,0.1186,0
CUST00658,0.0072,0
CUST00659,0.8823,1
CUST00660,0.23,0
CUST00661,0.0426,0
CUST00662,0.0037,0
CUST00663,0.1448,0
CUST00664,0.8013,1
CUST00665,0.4116,1
CUST00666,0.0074,0
CUST00667,0.6242,1
CUST00668,0.4764,0
CUST00669,0.6662,1
CUST00670,0.0827,0
CUST00671,0.8927,1
CUST00672,0.8123,1
CUST00673,0.1065,0
CUST00674,0.0023,0
CUST00675,0.0037,0
CUST00676,0.0599,1
CUST00677,0.4227,0
CUST00678,0.0419,0
CUST00679,0.2508,0
CUST00680,0.0939,0
CUST00681,0.0056,0
CUST00682,0.4849,1
CUST00683,0.0024,0
CUST00684,0.0064,0
CUST00685,0.0588,0
CUST00686,0.5954,0
CUST00687,0.273,0
CUST00688,0.2502,0
CUST00689,0.9026,1
CUST00690,0.0501,0
CUST00691,0.0815,0
CUST00692,0.0408,0
CUST00693,0.0148,0
CUST00694,0.2233,0
CUST00695,0.0843,1
CUST00696,0.1572,0
CUST00697,0.8205,1
CUST00698,0.0099,0
CUST00699,0.0023,0
CUST00700,0.0037,0
CUST00701,0.0048,0
CUST00702,0.0262,0
CUST00703,0.264,0
CUST00704,0.0112,0
CUST00705,0.0348,0
CUST00706,0.0844,0
CUST00707,0.5482,1
CUST00708,0.1027,0
CUST00709,0.8079,1
CUST00710,0.8865,1
CUST00711,0.0023,0
CUST00712,0.0666,0
CUST00713,0.8773,1
CUST00714,0.0021,0
CUST00715,0.0069,0
CUST00716,0.5309,0
CUST00717,0.0286,0
CUST00718,0.0631,0
CUST00719,0.081,0
CUST00720,0.1588,0
CUST00721,0.3592,1
CUST00722,0.2898,0
CUST00723,0.0757,0
CUST00724,0.0095,0
CUST00725,0.0023,0
CUST00726,0.6218,1
CUST00727,0.0057,0
CUST00728,0.0017,0
CUST00729,0.0118,0
CUST00730,0.5285,1
CUST00731,0.2284,0
CUST00732,0.4062,1
CUST00733,0.478,1
CUST00734,0.7221,1
CUST00735,0.4124,1
CUST00736,0.8083,0
CUST00737,0.8827,1
CUST00738,0.4395,1
CUST00739,0.7409,1
CUST00740,0.7904,1
CUST00741,0.1658,0
CUST00742,0.5544,1
CUST00743,0.0085,0
CUST00744,0.5695,1
CUST00745,0.7351,1
CUST00746,0.1303,0
CUST00747,0.1772,0
CUST00748,0.2477,0
CUST00749,0.0158,0
CUST00750,0.0264,0
CUST00751,0.0105,0
CUST00752,0.0764,0
CUST00753,0.61,1
CUST00754,0.926,1
CUST00755,0.0023,0
CUST00756,0.0878,0
CUST00757,0.0606,0
CUST00758,0.7186,1
CUST00759,0.0022,0
CUST00760,0.0102,0
CUST00761,0.0024,0
CUST00762,0.3856,1
CUST00763,0.002,0
CUST00764,0.0042,0
CUST00765,0.5373,0
CUST00766,0.8384,1
CUST00767,0.7675,0
CUST00768,0.6259,0
CUST00769,0.0981,0
CUST00770,0.0594,0
CUST00771,0.0075,0
CUST00772,0.0058,0
CUST00773,0.1379,0
CUST00774,0.5567,1
CUST00775,0.0018,0
CUST00776,0.0045,0
CUST00777,0.026,0
CUST00778,0.6056,1
CUST00779,0.4667,0
CUST00780,0.0178,0
CUST00781,0.7356,1
CUST00782,0.0018,0
CUST00783,0.0081,0
CUST00784,0.0909,0
CUST00785,0.0028,0
CUST00786,0.1268,0
CUST00787,0.1666,0
CUST00788,0.7229,0
CUST00789,0.4847,1
CUST00790,0.0039,0
CUST00791,0.002,0
CUST00792,0.2376,0
CUST00793,0.7028,1
CUST00794,0.807,1
CUST00795,0.0269,0
CUST00796,0.5362,1
CUST00797,0.7833,1
CUST00798,0.1313,1
CUST00799,0.3367,0
CUST00800,0.0023,0
CUST00801,0.0051,0
CUST00802,0.0086,0
CUST00803,0.0147,0
CUST00804,0.6547,1
CUST00805,0.0319,0
CUST00806,0.0679,0
CUST00807,0.1018,0
CUST00808,0.5118,0
CUST00809,0.0028,0
CUST00810,0.0475,0
CUST00811,0.3225,0
CUST00812,0.0512,0
CUST00813,0.002,0
CUST00814,0.8714,1
CUST00815,0.2033,0
CUST00816,0.6566,0
CUST00817,0.0578,0
CUST00818,0.0128,0
CUST00819,0.5055,1
CUST00820,0.5374,0
CUST00821,0.2311,0
CUST00822,0.0022,0
CUST00823,0.1498,0
CUST00824,0.1111,0
CUST00825,0.0173,0
CUST00826,0.0019,0
CUST00827,0.616,1
CUST00828,0.0136,0
CUST00829,0.4788,1
CUST00830,0.0027,0
CUST00831,0.0022,0
CUST00832,0.009,0
CUST00833,0.0024,0
CUST00834,0.3359,0
CUST00835,0.007,0
CUST00836,0.0302,0
CUST00837,0.8884,1
CUST00838,0.3146,0
CUST00839,0.0438,0
CUST00840,0.0043,0
CUST00841,0.0308,0
CUST00842,0.5935,0
CUST00843,0.0372,0
CUST00844,0.2167,0
CUST00845,0.0624,0
CUST00846,0.3867,0
CUST00847,0.1107,0
CUST00848,0.8145,1
CUST00849,0.8869,1
CUST00850,0.3198,1
CUST00851,0.7856,1
CUST00852,0.4011,0
CUST00853,0.6022,0
CUST00854,0.0357,0
CUST00855,0.0058,0
CUST00856,0.3859,0
CUST00857,0.2932,0
CUST00858,0.005,0
CUST00859,0.1415,0
CUST00860,0.8674,1
CUST00861,0.0193,0
CUST00862,0.1302,1
CUST00863,0.8521,1
CUST00864,0.3811,0
CUST00865,0.8197,1
CUST00866,0.0541,0
CUST00867,0.7128,1
CUST00868,0.7112,1
CUST00869,0.0048,0
CUST00870,0.1023,0
CUST00871,0.005,0
CUST00872,0.1616,1
CUST00873,0.2744,1
CUST00874,0.1194,0
CUST00875,0.0026,0
CUST00876,0.3175,0
CUST00877,0.3067,0
CUST00878,0.0279,0
CUST00879,0.422,0
CUST00880,0.816,1
CUST00881,0.7538,1
CUST00882,0.0068,0
CUST00883,0.0055,0
CUST00884,0.0068,0
CUST00885,0.0494,0
CUST00886,0.0366,0
CUST00887,0.746,0
CUST00888,0.0524,0
CUST00889,0.6674,1
CUST00890,0.7974,1
CUST00891,0.0452,1
CUST00892,0.017,0
CUST00893,0.0814,0
CUST00894,0.003,0
CUST00895,0.0069,0
CUST00896,0.0392,0
CUST00897,0.1992,0
CUST00898,0.0641,0
CUST00899,0.0279,0
CUST00900,0.8779,1
CUST00901,0.2961,0
CUST00902,0.3636,0
CUST00903,0.0234,0
CUST00904,0.2291,0
CUST00905,0.0028,0
CUST00906,0.0083,0
CUST00907,0.0027,0
CUST00908,0.3633,0
CUST00909,0.0145,0
CUST00910,0.0098,0
CUST00911,0.0067,0
CUST00912,0.0045,0
CUST00913,0.0263,0
CUST00914,0.0032,0
CUST00915,0.0641,0
CUST00916,0.0038,0
CUST00917,0.0083,0
CUST00918,0.6888,1
CUST00919,0.1168,0
CUST00920,0.8065,0
CUST00921,0.0304,0
CUST00922,0.1228,0
CUST00923,0.1025,0
CUST00924,0.0051,0
CUST00925,0.0127,0
CUST00926,0.6167,1
CUST00927,0.0042,0
CUST00928,0.1633,0
CUST00929,0.4022,0
CUST00930,0.2223,0
CUST00931,0.0036,0
CUST00932,0.7439,1
CUST00933,0.6786,0
CUST00934,0.5709,1
CUST00935,0.1491,0
CUST00936,0.0285,0
CUST00937,0.6819,0
CUST00938,0.0026,0
CUST00939,0.0448,0
CUST00940,0.3107,0
CUST00941,0.0024,0
CUST00942,0.4419,1
CUST00943,0.0031,0
CUST00944,0.4484,1
CUST00945,0.0201,0
CUST00946,0.0017,0
CUST00947,0.7269,0
CUST00948,0.0683,0
CUST00949,0.672,1
CUST00950,0.0276,0
CUST00951,0.0635,0
CUST00952,0.0018,0
CUST00953,0.1724,0
CUST00954,0.1233,0
CUST00955,0.3809,1
CUST00956,0.4135,1
CUST00957,0.7223,1
CUST00958,0.0059,0
CUST00959,0.4724,0
CUST00960,0.0048,0
CUST00961,0.2792,0
CUST00962,0.002,0
CUST00963,0.0082,0
CUST00964,0.1516,1
CUST00965,0.9079,1
CUST00966,0.0863,0
CUST00967,0.2881,1
CUST00968,0.6677,1
CUST00969,0.0191,0
CUST00970,0.0151,0
CUST00971,0.0039,0
CUST00972,0.0252,0
CUST00973,0.8608,1
CUST00974,0.0192,0
CUST00975,0.5362,1
CUST00976,0.0031,0
CUST00977,0.5513,1
CUST00978,0.5465,0
CUST00979,0.0373,0
CUST00980,0.7171,1
CUST00981,0.9586,1
CUST00982,0.0683,0
CUST00983,0.52,1
CUST00984,0.0046,0
CUST00985,0.0032,0
CUST00986,0.1678,0
CUST00987,0.0069,0
CUST00988,0.3136,1
CUST00989,0.8216,1
CUST00990,0.4216,0
CUST00991,0.0018,0
CUST00992,0.0052,0
CUST00993,0.0021,0
CUST00994,0.0023,0
CUST00995,0.0057,0
CUST00996,0.1979,0
CUST00997,0.0901,0
CUST00998,0.5976,0
CUST00999,0.1969,0
CUST01000,0.2934,0
CUST01001,0.0064,0
CUST01002,0.0044,0
CUST01003,0.6423,1
CUST01004,0.5879,1
CUST01005,0.0487,0
CUST01006,0.3957,0
CUST01007,0.0018,0
CUST01008,0.0856,0
CUST01009,0.0018,0
CUST01010,0.8336,1
CUST01011,0.0034,0
CUST01012,0.3172,0
CUST01013,0.0869,0
CUST01014,0.3925,0
CUST01015,0.0387,0
CUST01016,0.0023,0
CUST01017,0.5833,1
CUST01018,0.1416,0
CUST01019,0.091,0
CUST01020,0.0153,0
CUST01021,0.4611,0
CUST01022,0.0034,0
CUST01023,0.2949,1
CUST01024,0.1227,0
CUST01025,0.793,0
CUST01026,0.3179,0
CUST01027,0.1996,1
CUST01028,0.1244,1
CUST01029,0.0583,0
CUST01030,0.4108,0
CUST01031,0.7577,1
CUST01032,0.0035,0
CUST01033,0.037,0
CUST01034,0.3693,0
CUST01035,0.0797,0
CUST01036,0.9379,1
CUST01037,0.9464,1
CUST01038,0.0016,0
CUST01039,0.0066,0
CUST01040,0.8531,1
CUST01041,0.571,1
CUST01042,0.0297,0
CUST01043,0.8876,1
CUST01044,0.0024,0
CUST01045,0.8075,0
CUST01046,0.0057,0
CUST01047,0.0025,0
CUST01048,0.4479,0
CUST01049,0.0256,0
CUST01050,0.3724,0
CUST01051,0.0938,0
CUST01052,0.825,1
CUST01053,0.0083,0
CUST01054,0.0025,0
CUST01055,0.0043,0
CUST01056,0.0366,0
CUST01057,0.0916,0
CUST01058,0.1674,0
CUST01059,0.0754,0
CUST01060,0.2292,0
CUST01061,0.0151,0
CUST01062,0.0679,0
CUST01063,0.0526,0
CUST01064,0.2015,0
CUST01065,0.3729,1
CUST01066,0.083,0
CUST01067,0.0053,0
CUST01068,0.4838,1
CUST01069,0.6241,1
CUST01070,0.4184,1
CUST01071,0.3548,0
CUST01072,0.2185,0
CUST01073,0.4849,1
CUST01074,0.6999,1
CUST01075,0.003,0
CUST01076,0.0028,0
CUST01077,0.0294,0
CUST01078,0.0101,0
CUST01079,0.5435,1
CUST01080,0.4186,1
CUST01081,0.8583,1
CUST01082,0.0162,0
CUST01083,0.2635,0
CUST01084,0.4783,1
CUST01085,0.7689,0
CUST01086,0.0072,0
CUST01087,0.9233,1
CUST01088,0.8088,1
CUST01089,0.7673,1
CUST01090,0.1566,0
CUST01091,0.4756,0
CUST01092,0.2237,0
CUST01093,0.1193,1
CUST01094,0.3343,0
CUST01095,0.1767,0
CUST01096,0.0373,0
CUST01097,0.0018,0
CUST01098,0.9177,1
CUST01099,0.0028,0
CUST01100,0.3295,0
CUST01101,0.0203,0
CUST01102,0.0072,0
CUST01103,0.3802,0
CUST01104,0.0031,0
CUST01105,0.1923,0
CUST01106,0.3913,0
CUST01107,0.0117,0
CUST01108,0.3585,0
CUST01109,0.2039,0
CUST01110,0.0044,0
CUST01111,0.1649,0
CUST01112,0.8127,1
CUST01113,0.1491,0
CUST01114,0.0791,0
CUST01115,0.0048,0
CUST01116,0.2325,0
CUST01117,0.0033,0
CUST01118,0.5318,1
CUST01119,0.255,1
CUST01120,0.2508,0
CUST01121,0.0051,0
CUST01122,0.0477,0
CUST01123,0.3757,1
CUST01124,0.0037,0
CUST01125,0.0554,0
CUST01126,0.0057,0
CUST01127,0.6668,1
CUST01128,0.7045,0
CUST01129,0.0041,0
CUST01130,0.4468,0
CUST01131,0.3146,0
CUST01132,0.0077,0
CUST01133,0.904,1
CUST01134,0.0043,0
CUST01135,0.0264,0
CUST01136,0.0161,0
CUST01137,0.1806,0
CUST01138,0.0027,0
CUST01139,0.2898,0
CUST01140,0.0824,0
CUST01141,0.0887,0
CUST01142,0.4913,1
CUST01143,0.3166,1
CUST01144,0.0217,0
CUST01145,0.0034,0
CUST01146,0.2444,0
CUST01147,0.7835,1
CUST01148,0.8682,1
CUST01149,0.0239,0
CUST01150,0.8494,1
CUST01151,0.4903,1
CUST01152,0.2891,0
CUST01153,0.4948,0
CUST01154,0.8917,1
CUST01155,0.8725,1
CUST01156,0.7392,1
CUST01157,0.8171,1
CUST01158,0.0518,0
CUST01159,0.0029,0
CUST01160,0.0963,1
CUST01161,0.0077,0
CUST01162,0.0765,0
CUST01163,0.5935,0
CUST01164,0.3871,0
CUST01165,0.6034,0
CUST01166,0.0122,0
CUST01167,0.0726,0
CUST01168,0.4765,1
CUST01169,0.2981,0
CUST01170,0.8458,1
CUST01171,0.27,0
CUST01172,0.4303,0
CUST01173,0.0114,0
CUST01174,0.0029,0
CUST01175,0.0024,0
CUST01176,0.1153,0
CUST01177,0.0198,0
CUST01178,0.0016,0
CUST01179,0.0788,0
CUST01180,0.0051,0
CUST01181,0.1152,0
CUST01182,0.7568,0
CUST01183,0.6441,1
CUST01184,0.2765,0
CUST01185,0.0022,0
CUST01186,0.8589,1
CUST01187,0.7474,1
CUST01188,0.1187,0
CUST01189,0.0025,0
CUST01190,0.0609,0
CUST01191,0.596,0
CUST01192,0.0105,0
CUST01193,0.0042,0
CUST01194,0.1449,0
CUST01195,0.2596,1
CUST01196,0.0042,0
CUST01197,0.0197,0
CUST01198,0.0038,0
CUST01199,0.9185,1
CUST01200,0.1646,0
CUST01201,0.0347,0
CUST01202,0.0664,0
CUST01203,0.0026,0
CUST01204,0.0762,0
CUST01205,0.5514,1
CUST01206,0.4688,0
CUST01207,0.0174,0
CUST01208,0.5698,0
CUST01209,0.2209,0
CUST01210,0.0025,0
CUST01211,0.1995,0
CUST01212,0.9271,1
CUST01213,0.0027,0
CUST01214,0.4218,0
CUST01215,0.0055,0
CUST01216,0.1075,0
CUST01217,0.1345,1
CUST01218,0.8862,1
CUST01219,0.6544,1
CUST01220,0.3373,0
CUST01221,0.0707,0
CUST01222,0.003,0
CUST01223,0.1668,0
CUST01224,0.4732,0
CUST01225,0.0022,0
CUST01226,0.0151,0
CUST01227,0.0029,0
CUST01228,0.0047,0
CUST01229,0.0019,0
CUST01230,0.0031,0
CUST01231,0.0032,0
CUST01232,0.0053,0
CUST01233,0.0109,0
CUST01234,0.7603,0
CUST01235,0.0132,0
CUST01236,0.8274,1
CUST01237,0.0034,0
CUST01238,0.8592,1
CUST01239,0.2284,0
CUST01240,0.5554,1
CUST01241,0.0097,0
CUST01242,0.7849,1
CUST01243,0.0623,0
CUST01244,0.0137,0
CUST01245,0.0033,0
CUST01246,0.002,0
CUST01247,0.0024,0
CUST01248,0.171,0
CUST01249,0.0236,0
CUST01250,0.0733,0
CUST01251,0.0029,0
CUST01252,0.4545,0
CUST01253,0.8197,1
CUST01254,0.0058,0
CUST01255,0.0021,0
CUST01256,0.5766,0
CUST01257,0.8706,1
CUST01258,0.003,0
CUST01259,0.0062,0
CUST01260,0.1935,1
CUST01261,0.0142,0
CUST01262,0.0094,0
CUST01263,0.053,0
CUST01264,0.0827,0
CUST01265,0.6844,0
CUST01266,0.7234,1
CUST01267,0.0934,1
CUST01268,0.0831,0
CUST01269,0.4593,0
CUST01270,0.132,0
CUST01271,0.2721,0
CUST01272,0.8904,1
CUST01273,0.8971,1
CUST01274,0.2361,0
CUST01275,0.6783,1
CUST01276,0.0172,0
CUST01277,0.0243,0
CUST01278,0.0073,0
CUST01279,0.0022,0
CUST01280,0.0028,0
CUST01281,0.1303,1
CUST01282,0.5135,0
CUST01283,0.1758,1
CUST01284,0.0116,0
CUST01285,0.4614,1
CUST01286,0.0032,0
CUST01287,0.3106,0
CUST01288,0.1182,0
CUST01289,0.7357,1
CUST01290,0.7804,1
CUST01291,0.0025,0
CUST01292,0.002,0
CUST01293,0.003,0
CUST01294,0.1145,0
CUST01295,0.3871,1
CUST01296,0.0038,0
CUST01297,0.6561,0
CUST01298,0.0204,0
CUST01299,0.005,0
CUST01300,0.0019,0
CUST01301,0.0022,0
CUST01302,0.1607,1
CUST01303,0.015,0
CUST01304,0.1293,0
CUST01305,0.6744,1
CUST01306,0.3278,1
CUST01307,0.0034,0
CUST01308,0.0243,0
CUST01309,0.533,1
CUST01310,0.0934,0
CUST01311,0.2053,0
CUST01312,0.5546,0
CUST01313,0.8988,1
CUST01314,0.0232,0
CUST01315,0.1234,1
CUST01316,0.4458,0
CUST01317,0.8233,0
CUST01318,0.0023,0
CUST01319,0.4807,1
CUST01320,0.696,0
CUST01321,0.098,0
CUST01322,0.7108,1
CUST01323,0.3401,0
CUST01324,0.8052,0
CUST01325,0.5189,0
CUST01326,0.3484,0
CUST01327,0.077,1
CUST01328,0.8866,1
CUST01329,0.0847,0
CUST01330,0.402,1
CUST01331,0.7402,0
CUST01332,0.0184,0
CUST01333,0.3344,0
CUST01334,0.035,0
CUST01335,0.8481,1
CUST01336,0.0999,0
CUST01337,0.0427,0
CUST01338,0.8154,1
CUST01339,0.3978,0
CUST01340,0.6479,1
CUST01341,0.2739,0
CUST01342,0.003,0
CUST01343,0.2476,0
CUST01344,0.5983,1
CUST01345,0.0545,0
CUST01346,0.0989,0
CUST01347,0.4194,1
CUST01348,0.0585,0
CUST01349,0.9187,1
CUST01350,0.0053,0
CUST01351,0.5237,1
CUST01352,0.6025,1
CUST01353,0.0075,0
CUST01354,0.4784,1
CUST01355,0.0025,0
CUST01356,0.7788,1
CUST01357,0.539,1
CUST01358,0.0599,0
CUST01359,0.0596,0
CUST01360,0.6177,1
CUST01361,0.2673,0
CUST01362,0.1991,0
CUST01363,0.0043,0
CUST01364,0.4872,0
CUST01365,0.4433,0
CUST01366,0.0135,0
CUST01367,0.4291,1
CUST01368,0.1582,1
CUST01369,0.0066,0
CUST01370,0.8981,1
CUST01371,0.0029,0
CUST01372,0.0027,0
CUST01373,0.1814,0
CUST01374,0.002,0
CUST01375,0.3174,0
CUST01376,0.453,1
CUST01377,0.0284,0
CUST01378,0.0057,0
CUST01379,0.0133,0
CUST01380,0.0114,0
CUST01381,0.0028,0
CUST01382,0.0088,0
CUST01383,0.5962,1
CUST01384,0.2894,0
CUST01385,0.1293,0
CUST01386,0.0064,0
CUST01387,0.0217,0
CUST01388,0.0041,0
CUST01389,0.0074,0
CUST01390,0.2354,1
CUST01391,0.0929,1
CUST01392,0.0225,0
CUST01393,0.0889,0
CUST01394,0.1822,0
CUST01395,0.6189,1
CUST01396,0.2048,0
CUST01397,0.0019,0
CUST01398,0.7242,1
CUST01399,0.0063,0
CUST01400,0.3325,1
CUST01401,0.2052,0
CUST01402,0.8106,0
CUST01403,0.003,0
CUST01404,0.7621,0
CUST01405,0.8239,1
CUST01406,0.4736,0
CUST01407,0.0031,0
CUST01408,0.0148,0
CUST01409,0.0148,0
CUST01410,0.6024,1
CUST01411,0.8734,1
CUST01412,0.3185,0
CUST01413,0.0017,0
CUST01414,0.4652,1
CUST01415,0.7509,0
CUST01416,0.6382,1
CUST01417,0.003,0
CUST01418,0.0019,0
CUST01419,0.8199,1
CUST01420,0.0052,0
CUST01421,0.0171,0
CUST01422,0.104,0
CUST01423,0.0535,0
CUST01424,0.168,0
CUST01425,0.3141,1
CUST01426,0.1535,0
CUST01427,0.151,0
CUST01428,0.3583,0
CUST01429,0.003,0
CUST01430,0.55,0
CUST01431,0.0036,0
CUST01432,0.7419,1
CUST01433,0.9382,1
CUST01434,0.3006,1
CUST01435,0.3833,0
CUST01436,0.1742,0
CUST01437,0.0025,0
CUST01438,0.0222,0
CUST01439,0.0117,0
CUST01440,0.6134,1
CUST01441,0.093,0
CUST01442,0.0952,0
CUST01443,0.5352,0
CUST01444,0.1399,0
CUST01445,0.0178,0
CUST01446,0.002,0
CUST01447,0.4938,1
CUST01448,0.0302,0
CUST01449,0.022,0
CUST01450,0.0538,0
CUST01451,0.8514,1
CUST01452,0.0026,0
CUST01453,0.0067,0
CUST01454,0.586,0
CUST01455,0.493,0
CUST01456,0.598,1
CUST01457,0.8043,1
CUST01458,0.0218,0
CUST01459,0.0198,0
CUST01460,0.603,0
CUST01461,0.4121,0
CUST01462,0.4078,0
CUST01463,0.8241,1
CUST01464,0.1173,0
CUST01465,0.2722,0
CUST01466,0.6327,1
CUST01467,0.3271,1
CUST01468,0.4245,0
CUST01469,0.8942,1
CUST01470,0.6822,1
CUST01471,0.0728,0
CUST01472,0.0032,0
CUST01473,0.8874,1
CUST01474,0.0027,0
CUST01475,0.0578,0
CUST01476,0.6317,0
CUST01477,0.0121,0
CUST01478,0.0231,0
CUST01479,0.5934,0
CUST01480,0.0165,0
CUST01481,0.4156,0
CUST01482,0.1688,1
CUST01483,0.8975,1
CUST01484,0.0725,1
CUST01485,0.345,0
CUST01486,0.0828,0
CUST01487,0.8415,1
CUST01488,0.0019,0
CUST01489,0.5213,1
CUST01490,0.7493,1
CUST01491,0.0032,0
CUST01492,0.0055,0
CUST01493,0.0028,0
CUST01494,0.3406,0
CUST01495,0.0033,0
CUST01496,0.0045,0
CUST01497,0.3022,1
CUST01498,0.0094,0
CUST01499,0.003,0
CUST01500,0.0033,0
CUST01501,0.0039,0
CUST01502,0.6976,1
CUST01503,0.0933,0
CUST01504,0.8704,0
CUST01505,0.016,0
CUST01506,0.0806,0
CUST01507,0.3007,0
CUST01508,0.0031,0
CUST01509,0.0018,0
CUST01510,0.0079,0
CUST01511,0.0334,0
CUST01512,0.1394,0
CUST01513,0.1022,1
CUST01514,0.3695,0
CUST01515,0.691,1
CUST01516,0.0491,0
CUST01517,0.9209,1
CUST01518,0.0024,0
CUST01519,0.0077,0
CUST01520,0.0558,0
CUST01521,0.183,0
CUST01522,0.0041,0
CUST01523,0.5045,1
CUST01524,0.0026,0
CUST01525,0.0048,0
CUST01526,0.0256,0
CUST01527,0.0041,0
CUST01528,0.112,0
CUST01529,0.2256,0
CUST01530,0.002,0
CUST01531,0.3863,1
CUST01532,0.0032,0
CUST01533,0.0023,0
CUST01534,0.7119,1
CUST01535,0.7134,1
CUST01536,0.6487,1
CUST01537,0.2099,0
CUST01538,0.1325,0
CUST01539,0.8364,0
CUST01540,0.8514,1
CUST01541,0.0259,0
CUST01542,0.0021,0
CUST01543,0.081,0
CUST01544,0.0233,0
CUST01545,0.0062,0
CUST01546,0.453,0
CUST01547,0.0941,0
CUST01548,0.4879,0
CUST01549,0.0464,0
CUST01550,0.1112,0
CUST01551,0.2502,0
CUST01552,0.1922,1
CUST01553,0.7737,1
CUST01554,0.0279,0
CUST01555,0.897,1
CUST01556,0.6026,1
CUST01557,0.0848,0
CUST01558,0.0093,0
CUST01559,0.8403,1
CUST01560,0.0142,0
CUST01561,0.0033,0
CUST01562,0.6983,1
CUST01563,0.5517,0
CUST01564,0.0027,0
CUST01565,0.0096,0
CUST01566,0.009,0
CUST01567,0.1218,0
CUST01568,0.0031,0
CUST01569,0.0094,0
CUST01570,0.376,0
CUST01571,0.0316,0
CUST01572,0.0033,0
CUST01573,0.0031,0
CUST01574,0.7951,1
CUST01575,0.0024,0
CUST01576,0.6011,1
CUST01577,0.2248,0
CUST01578,0.4624,0
CUST01579,0.0036,0
CUST01580,0.9122,1
CUST01581,0.0022,0
CUST01582,0.1005,0
CUST01583,0.421,1
CUST01584,0.0035,0
CUST01585,0.8317,1
CUST01586,0.0136,0
CUST01587,0.0018,0
CUST01588,0.0023,0
CUST01589,0.6017,0
CUST01590,0.74,1
CUST01591,0.0133,0
CUST01592,0.415,1
CUST01593,0.1844,0
CUST01594,0.8835,1
CUST01595,0.8211,1
CUST01596,0.4515,1
CUST01597,0.0901,0
CUST01598,0.5496,1
CUST01599,0.0176,0
CUST01600,0.7383,0
CUST01601,0.7239,1
CUST01602,0.7824,1
CUST01603,0.8414,1
CUST01604,0.0957,0
CUST01605,0.0046,0
CUST01606,0.9273,1
CUST01607,0.0019,0
CUST01608,0.2564,1
CUST01609,0.0021,0
CUST01610,0.0068,0
CUST01611,0.003,0
CUST01612,0.0142,0
CUST01613,0.3746,0
CUST01614,0.0039,0
CUST01615,0.8117,1
CUST01616,0.422,1
CUST01617,0.3189,0
CUST01618,0.0026,0
CUST01619,0.9209,1
CUST01620,0.8465,1
CUST01621,0.0037,0
CUST01622,0.0614,0
CUST01623,0.1847,0
CUST01624,0.7531,0
CUST01625,0.1586,0
CUST01626,0.6035,0
CUST01627,0.8929,1
CUST01628,0.273,0
CUST01629,0.7067,1
CUST01630,0.5326,1
CUST01631,0.0024,0
CUST01632,0.6418,1
CUST01633,0.0017,0
CUST01634,0.0022,0
CUST01635,0.0027,0
CUST01636,0.0019,0
CUST01637,0.5504,0
CUST01638,0.0059,0
CUST01639,0.0027,0
CUST01640,0.0093,0
CUST01641,0.3674,0
CUST01642,0.0027,0
CUST01643,0.3219,0
CUST01644,0.6227,0
CUST01645,0.822,1
CUST01646,0.0144,0
CUST01647,0.0032,0
CUST01648,0.8806,1
CUST01649,0.0033,0
CUST01650,0.8123,1
CUST01651,0.0217,0
CUST01652,0.0031,0
CUST01653,0.2931,1
CUST01654,0.0019,0
CUST01655,0.0574,0
CUST01656,0.0021,0
CUST01657,0.421,1
CUST01658,0.5773,0
CUST01659,0.0742,0
CUST01660,0.0039,0
CUST01661,0.002,0
CUST01662,0.0026,0
CUST01663,0.0275,0
CUST01664,0.0735,0
CUST01665,0.119,0
CUST01666,0.0092,0
CUST01667,0.002,0
CUST01668,0.0032,0
CUST01669,0.094,0
CUST01670,0.7247,1
CUST01671,0.8826,1
CUST01672,0.1047,0
CUST01673,0.7652,1
CUST01674,0.0018,0
CUST01675,0.002,0
CUST01676,0.0235,0
CUST01677,0.8684,1
CUST01678,0.9045,1
CUST01679,0.4662,0
CUST01680,0.285,0
CUST01681,0.0096,0
CUST01682,0.0082,0
CUST01683,0.002,0
CUST01684,0.0025,0
CUST01685,0.7923,1
CUST01686,0.5604,0
CUST01687,0.9422,1
CUST01688,0.3134,0
CUST01689,0.4242,0
CUST01690,0.4244,0
CUST01691,0.0619,0
CUST01692,0.0815,0
CUST01693,0.4116,0
CUST01694,0.24,0
CUST01695,0.0778,0
CUST01696,0.0028,0
CUST01697,0.0258,0
CUST01698,0.0044,0
CUST01699,0.0016,0
CUST01700,0.8359,1
CUST01701,0.042,0
CUST01702,0.1732,0
CUST01703,0.0027,0
CUST01704,0.2851,0
CUST01705,0.0643,0
CUST01706,0.0017,0
CUST01707,0.0026,0
CUST01708,0.2275,0
CUST01709,0.014,0
CUST01710,0.0037,0
CUST01711,0.0414,0
CUST01712,0.3163,1
CUST01713,0.885,1
CUST01714,0.7432,0
CUST01715,0.9405,1
CUST01716,0.0376,0
CUST01717,0.0038,0
CUST01718,0.0081,0
CUST01719,0.0056,0
CUST01720,0.3992,1
CUST01721,0.7183,0
CUST01722,0.9109,0
CUST01723,0.2579,0
CUST01724,0.0061,0
CUST01725,0.0528,0
CUST01726,0.0063,0
CUST01727,0.5714,0
CUST01728,0.0021,0
CUST01729,0.1112,0
CUST01730,0.1578,0
CUST01731,0.002,0
CUST01732,0.0065,0
CUST01733,0.826,1
CUST01734,0.6638,1
CUST01735,0.8747,1
CUST01736,0.8327,1
CUST01737,0.0133,0
CUST01738,0.0075,0
CUST01739,0.9528,1
CUST01740,0.3919,0
CUST01741,0.0026,0
CUST01742,0.0022,0
CUST01743,0.8628,1
CUST01744,0.7978,1
CUST01745,0.7858,1
CUST01746,0.7484,1
CUST01747,0.4099,0
CUST01748,0.9585,1
CUST01749,0.9144,1
CUST01750,0.0031,0
CUST01751,0.3257,0
CUST01752,0.0171,0
CUST01753,0.0031,0
CUST01754,0.472,1
CUST01755,0.0058,0
CUST01756,0.0049,0
CUST01757,0.8361,1
CUST01758,0.6548,0
CUST01759,0.0032,0
CUST01760,0.1845,0
CUST01761,0.2084,0
CUST01762,0.0031,0
CUST01763,0.0033,0
CUST01764,0.6252,1
CUST01765,0.0024,0
CUST01766,0.0048,0
CUST01767,0.7011,0
CUST01768,0.3828,1
CUST01769,0.149,0
CUST01770,0.0731,0
CUST01771,0.1318,0
CUST01772,0.0109,0
CUST01773,0.3686,0
CUST01774,0.8593,0
CUST01775,0.0891,0
CUST01776,0.0066,0
CUST01777,0.0883,0
CUST01778,0.0274,0
CUST01779,0.0027,0
CUST01780,0.0034,0
CUST01781,0.1266,0
CUST01782,0.0342,0
CUST01783,0.9199,1
CUST01784,0.126,1
CUST01785,0.0271,0
CUST01786,0.0989,0
CUST01787,0.3354,0
CUST01788,0.0055,0
CUST01789,0.397,0
CUST01790,0.8321,1
CUST01791,0.002,0
CUST01792,0.0041,0
CUST01793,0.7913,1
CUST01794,0.1455,1
CUST01795,0.0019,0
CUST01796,0.9111,1
CUST01797,0.4954,1
CUST01798,0.3094,1
CUST01799,0.1381,0
CUST01800,0.7454,1
CUST01801,0.0041,0
CUST01802,0.6193,1
CUST01803,0.0489,0
CUST01804,0.6418,1
CUST01805,0.0319,0
CUST01806,0.0021,0
CUST01807,0.604,0
CUST01808,0.0028,0
CUST01809,0.0057,0
CUST01810,0.201,0
CUST01811,0.002,0
CUST01812,0.0122,0
CUST01813,0.0651,0
CUST01814,0.6974,1
CUST01815,0.0045,0
CUST01816,0.7174,1
CUST01817,0.8484,1
CUST01818,0.7697,1
CUST01819,0.0816,0
CUST01820,0.1432,0
CUST01821,0.0345,0
CUST01822,0.7078,1
CUST01823,0.1481,0
CUST01824,0.0031,0
CUST01825,0.4708,0
CUST01826,0.0137,0
CUST01827,0.0036,0
CUST01828,0.0076,0
CUST01829,0.399,1
CUST01830,0.0021,0
CUST01831,0.5319,0
CUST01832,0.0164,0
CUST01833,0.0495,0
CUST01834,0.0018,0
CUST01835,0.777,1
CUST01836,0.0107,0
CUST01837,0.1146,1
CUST01838,0.1156,0
CUST01839,0.1124,0
CUST01840,0.0038,0
CUST01841,0.9362,1
CUST01842,0.3677,1
CUST01843,0.0183,0
CUST01844,0.0303,0
CUST01845,0.1506,0
CUST01846,0.6346,1
CUST01847,0.0051,0
CUST01848,0.2444,0
CUST01849,0.6923,1
CUST01850,0.2647,1
CUST01851,0.6356,0
CUST01852,0.6492,1
CUST01853,0.5673,1
CUST01854,0.0102,0
CUST01855,0.1475,1
CUST01856,0.0029,0
CUST01857,0.3083,0
CUST01858,0.002,0
CUST01859,0.0025,0
CUST01860,0.7259,0
CUST01861,0.4587,0
CUST01862,0.1133,0
CUST01863,0.0033,0
CUST01864,0.3736,1
CUST01865,0.7554,1
CUST01866,0.0276,0
CUST01867,0.0826,0
CUST01868,0.629,0
CUST01869,0.8707,1
CUST01870,0.6989,1
CUST01871,0.4393,0
CUST01872,0.3963,1
CUST01873,0.098,0
CUST01874,0.0021,0
CUST01875,0.2841,0
CUST01876,0.0017,0
CUST01877,0.0384,0
CUST01878,0.7495,1
CUST01879,0.2066,0
CUST01880,0.0165,0
CUST01881,0.0092,0
CUST01882,0.006,0
CUST01883,0.912,1
CUST01884,0.0023,0
CUST01885,0.0475,0
CUST01886,0.002,0
CUST01887,0.5816,0
CUST01888,0.0654,1
CUST01889,0.8791,1
CUST01890,0.7318,0
CUST01891,0.0948,0
CUST01892,0.8437,0
CUST01893,0.0191,0
CUST01894,0.5307,1
CUST01895,0.0806,0
CUST01896,0.5769,1
CUST01897,0.0411,0
CUST01898,0.816,1
CUST01899,0.6867,0
CUST01900,0.0042,0
CUST01901,0.1936,0
CUST01902,0.5563,1
CUST01903,0.0022,0
CUST01904,0.0024,0
CUST01905,0.616,1
CUST01906,0.0172,0
CUST01907,0.341,0
CUST01908,0.0905,0
CUST01909,0.021,0
CUST01910,0.4581,0
CUST01911,0.3305,0
CUST01912,0.0018,0
CUST01913,0.7334,0
CUST01914,0.4202,1
CUST01915,0.282,0
CUST01916,0.7487,1
CUST01917,0.8584,1
CUST01918,0.1116,0
CUST01919,0.0136,0
CUST01920,0.0126,0
CUST01921,0.0359,0
CUST01922,0.2578,0
CUST01923,0.003,0
CUST01924,0.0227,0
CUST01925,0.5779,0
CUST01926,0.9527,1
CUST01927,0.5973,1
CUST01928,0.0043,0
CUST01929,0.5292,1
CUST01930,0.0358,0
CUST01931,0.0032,0
CUST01932,0.8291,1
CUST01933,0.2035,0
CUST01934,0.3589,1
CUST01935,0.0986,0
CUST01936,0.054,0
CUST01937,0.2225,0
CUST01938,0.928,1
CUST01939,0.3948,1
CUST01940,0.2656,1
CUST01941,0.0036,0
CUST01942,0.0575,0
CUST01943,0.4764,1
CUST01944,0.8076,1
CUST01945,0.6933,1
CUST01946,0.0659,0
CUST01947,0.2035,0
CUST01948,0.0051,0
CUST01949,0.1421,0
CUST01950,0.4784,1
CUST01951,0.0021,0
CUST01952,0.0445,0
CUST01953,0.7253,0
CUST01954,0.0077,0
CUST01955,0.0054,0
CUST01956,0.0048,0
CUST01957,0.7791,1
CUST01958,0.047,0
CUST01959,0.3731,1
CUST01960,0.0031,0
CUST01961,0.7909,1
CUST01962,0.9134,1
CUST01963,0.0027,0
CUST01964,0.8812,0
CUST01965,0.763,1
CUST01966,0.9445,1
CUST01967,0.0255,0
CUST01968,0.5096,1
CUST01969,0.0069,0
CUST01970,0.0046,0
CUST01971,0.0031,0
CUST01972,0.0289,0
CUST01973,0.2857,1
CUST01974,0.0882,0
CUST01975,0.1392,0
CUST01976,0.053,0
CUST01977,0.0028,0
CUST01978,0.1692,0
CUST01979,0.7528,1
CUST01980,0.003,0
CUST01981,0.0029,0
CUST01982,0.284,0
CUST01983,0.7807,1
CUST01984,0.9061,1
CUST01985,0.0613,1
CUST01986,0.6867,0
CUST01987,0.106,0
CUST01988,0.2592,0
CUST01989,0.2287,1
CUST01990,0.0022,0
CUST01991,0.5522,1
CUST01992,0.5011,0
CUST01993,0.8095,1
CUST01994,0.8533,1
CUST01995,0.0033,0
CUST01996,0.2889,0
CUST01997,0.0027,0
CUST01998,0.0756,0
CUST01999,0.0614,0
CUST02000,0.0606,0
CUST02001,0.0075,0
CUST02002,0.1663,0
CUST02003,0.2763,0
CUST02004,0.7473,1
CUST02005,0.1356,0
CUST02006,0.8297,1
CUST02007,0.4792,1
CUST02008,0.0216,0
CUST02009,0.0774,0
CUST02010,0.7791,0
CUST02011,0.0124,0
CUST02012,0.0028,0
CUST02013,0.0346,0
CUST02014,0.5734,0
CUST02015,0.0731,0
CUST02016,0.3751,1
CUST02017,0.38,0
CUST02018,0.1524,0
CUST02019,0.7609,0
CUST02020,0.2164,1
CUST02021,0.0683,0
CUST02022,0.093,0
CUST02023,0.0029,0
CUST02024,0.7478,1
CUST02025,0.1876,0
CUST02026,0.0673,0
CUST02027,0.0622,0
CUST02028,0.0023,0
CUST02029,0.0398,0
CUST02030,0.3569,0
CUST02031,0.1194,0
CUST02032,0.0032,0
CUST02033,0.0027,0
CUST02034,0.0304,0
CUST02035,0.8645,1
CUST02036,0.5774,1
CUST02037,0.4984,1
CUST02038,0.9404,1
CUST02039,0.0935,0
CUST02040,0.0165,0
CUST02041,0.8238,1
CUST02042,0.0034,0
CUST02043,0.5044,1
CUST02044,0.0292,0
CUST02045,0.0025,0
CUST02046,0.1661,0
CUST02047,0.0989,0
CUST02048,0.4709,0
CUST02049,0.3371,1
CUST02050,0.0049,0
CUST02051,0.0784,0
CUST02052,0.7622,1
CUST02053,0.4276,0
CUST02054,0.0542,0
CUST02055,0.0021,0
CUST02056,0.7663,1
CUST02057,0.8581,1
CUST02058,0.0027,0
CUST02059,0.0111,0
CUST02060,0.007,0
CUST02061,0.0041,0
CUST02062,0.6209,1
CUST02063,0.8413,1
CUST02064,0.6931,1
CUST02065,0.4148,1
CUST02066,0.4313,1
CUST02067,0.3455,1
CUST02068,0.0035,0
CUST02069,0.0036,0
CUST02070,0.3776,0
CUST02071,0.0451,0
CUST02072,0.9015,1
CUST02073,0.1124,0
CUST02074,0.9177,1
CUST02075,0.3337,1
CUST02076,0.0038,0
CUST02077,0.0341,0
CUST02078,0.3682,1
CUST02079,0.1509,0
CUST02080,0.4374,0
CUST02081,0.0053,0
CUST02082,0.3493,1
CUST02083,0.8643,1
CUST02084,0.7107,0
CUST02085,0.0031,0
CUST02086,0.1813,0
CUST02087,0.5187,1
CUST02088,0.0443,0
CUST02089,0.017,0
CUST02090,0.0067,0
CUST02091,0.003,0
CUST02092,0.0033,0
CUST02093,0.6167,0
CUST02094,0.332,0
CUST02095,0.0448,0
CUST02096,0.0024,0
CUST02097,0.0346,0
CUST02098,0.0099,0
CUST02099,0.0536,0
CUST02100,0.4089,0
CUST02101,0.2431,0
CUST02102,0.0025,0
CUST02103,0.0229,0
CUST02104,0.0039,0
CUST02105,0.579,0
CUST02106,0.9192,1
CUST02107,0.2436,0
CUST02108,0.0079,0
CUST02109,0.1064,0
CUST02110,0.1893,0
CUST02111,0.0025,0
CUST02112,0.0044,0
CUST02113,0.0109,0
CUST02114,0.5339,0
CUST02115,0.002,0
CUST02116,0.1363,0
CUST02117,0.0073,0
CUST02118,0.0175,0
CUST02119,0.0901,0
CUST02120,0.0167,0
CUST02121,0.9296,1
CUST02122,0.6617,0
CUST02123,0.9495,1
CUST02124,0.0133,0
CUST02125,0.0119,0
CUST02126,0.6399,1
CUST02127,0.0326,0
CUST02128,0.1096,0
CUST02129,0.4565,0
CUST02130,0.1339,0
CUST02131,0.0564,0
CUST02132,0.0383,0
CUST02133,0.0149,0
CUST02134,0.4334,0
CUST02135,0.0052,0
CUST02136,0.0106,0
CUST02137,0.0053,0
CUST02138,0.2584,0
CUST02139,0.7153,0
CUST02140,0.1165,0
CUST02141,0.1367,0
CUST02142,0.297,0
CUST02143,0.03,0
CUST02144,0.7251,1
CUST02145,0.0317,0
CUST02146,0.0801,0
CUST02147,0.6069,0
CUST02148,0.0034,0
CUST02149,0.0021,0
CUST02150,0.1132,0
CUST02151,0.1477,0
CUST02152,0.0023,0
CUST02153,0.8466,1
CUST02154,0.4144,1
CUST02155,0.3754,1
CUST02156,0.0268,0
CUST02157,0.4186,0
CUST02158,0.0033,0
CUST02159,0.1135,0
CUST02160,0.0596,0
CUST02161,0.8947,1
CUST02162,0.1311,1
CUST02163,0.0532,0
CUST02164,0.0342,0
CUST02165,0.3405,0
CUST02166,0.0263,0
CUST02167,0.2096,0
CUST02168,0.0071,0
CUST02169,0.0147,0
CUST02170,0.0028,0
CUST02171,0.052,0
CUST02172,0.0318,1
CUST02173,0.1086,1
CUST02174,0.6009,1
CUST02175,0.0049,0
CUST02176,0.3875,0
CUST02177,0.7577,1
CUST02178,0.9147,1
CUST02179,0.637,1
CUST02180,0.17,0
CUST02181,0.5654,0
CUST02182,0.0074,0
CUST02183,0.0685,0
CUST02184,0.8196,0
CUST02185,0.4392,0
CUST02186,0.1306,0
CUST02187,0.1214,0
CUST02188,0.005,0
CUST02189,0.1149,0
CUST02190,0.303,1
CUST02191,0.401,1
CUST02192,0.0017,0
CUST02193,0.7498,1
CUST02194,0.353,0
CUST02195,0.0528,0
CUST02196,0.4997,0
CUST02197,0.065,1
CUST02198,0.0038,0
CUST02199,0.6246,1
CUST02200,0.0021,0
CUST02201,0.0034,0
CUST02202,0.0018,0
CUST02203,0.0077,0
CUST02204,0.0023,0
CUST02205,0.7397,1
CUST02206,0.3336,1
CUST02207,0.009,0
CUST02208,0.8591,1
CUST02209,0.0195,0
CUST02210,0.4467,0
CUST02211,0.2249,1
CUST02212,0.0298,0
CUST02213,0.136,1
CUST02214,0.0026,0
CUST02215,0.0021,0
CUST02216,0.0026,0
CUST02217,0.2511,0
CUST02218,0.0676,0
CUST02219,0.7991,1
CUST02220,0.1246,0
CUST02221,0.0778,0
CUST02222,0.019,0
CUST02223,0.3207,1
CUST02224,0.4329,0
CUST02225,0.0802,0
CUST02226,0.0729,0
CUST02227,0.666,0
CUST02228,0.9539,1
CUST02229,0.0063,0
CUST02230,0.0049,0
CUST02231,0.0022,0
CUST02232,0.003,0
CUST02233,0.721,0
CUST02234,0.0242,0
CUST02235,0.7707,1
CUST02236,0.0116,0
CUST02237,0.6497,1
CUST02238,0.2117,0
CUST02239,0.0963,0
CUST02240,0.0693,0
CUST02241,0.0071,0
CUST02242,0.1838,0
CUST02243,0.0729,0
CUST02244,0.6584,1
CUST02245,0.2898,0
CUST02246,0.0057,0
CUST02247,0.1042,0
CUST02248,0.0042,0
CUST02249,0.3898,0
CUST02250,0.0025,0
CUST02251,0.518,0
CUST02252,0.2492,1
CUST02253,0.9472,1
CUST02254,0.0188,0
CUST02255,0.7172,1
CUST02256,0.0078,0
CUST02257,0.7141,1
CUST02258,0.0276,0
CUST02259,0.3958,1
CUST02260,0.3705,1
CUST02261,0.0353,0
CUST02262,0.0036,0
CUST02263,0.0018,0
CUST02264,0.7733,1
CUST02265,0.1214,0
CUST02266,0.8927,1
CUST02267,0.3735,1
CUST02268,0.8254,1
CUST02269,0.0025,0
CUST02270,0.0031,0
CUST02271,0.1256,0
CUST02272,0.4403,0
CUST02273,0.5158,1
CUST02274,0.0105,0
CUST02275,0.7672,1
CUST02276,0.6941,1
CUST02277,0.2464,0
CUST02278,0.6414,0
CUST02279,0.5462,0
CUST02280,0.1329,0
CUST02281,0.2776,1
CUST02282,0.0072,0
CUST02283,0.0022,0
CUST02284,0.2344,0
CUST02285,0.4909,1
CUST02286,0.007,0
CUST02287,0.0029,0
CUST02288,0.0143,0
CUST02289,0.0932,1
CUST02290,0.5758,1
CUST02291,0.391,0
CUST02292,0.6418,1
CUST02293,0.0355,0
CUST02294,0.0503,0
CUST02295,0.0225,0
CUST02296,0.4416,1
CUST02297,0.0031,0
CUST02298,0.876,1
CUST02299,0.808,1
CUST02300,0.0031,0
CUST02301,0.0033,0
CUST02302,0.7641,0
CUST02303,0.473,1
CUST02304,0.2465,0
CUST02305,0.1357,0
CUST02306,0.0402,0
CUST02307,0.4279,1
CUST02308,0.3631,0
CUST02309,0.0033,0
CUST02310,0.412,1
CUST02311,0.6696,1
CUST02312,0.77,1
CUST02313,0.7918,1
CUST02314,0.0897,0
CUST02315,0.0073,0
CUST02316,0.4568,1
CUST02317,0.0734,0
CUST02318,0.7469,1
CUST02319,0.0973,0
CUST02320,0.9611,1
CUST02321,0.0397,0
CUST02322,0.3972,0
CUST02323,0.0037,0
CUST02324,0.7926,1
CUST02325,0.0244,0
CUST02326,0.4173,0
CUST02327,0.0021,0
CUST02328,0.0035,0
CUST02329,0.2657,1
CUST02330,0.0118,0
CUST02331,0.7935,0
CUST02332,0.0204,0
CUST02333,0.0022,0
CUST02334,0.2101,1
CUST02335,0.4654,1
CUST02336,0.0032,0
CUST02337,0.1354,0
CUST02338,0.0377,0
CUST02339,0.8855,1
CUST02340,0.6759,1
CUST02341,0.5892,1
CUST02342,0.8049,1
CUST02343,0.0027,0
CUST02344,0.6023,1
CUST02345,0.206,0
CUST02346,0.5389,0
CUST02347,0.0019,0
CUST02348,0.0042,0
CUST02349,0.3308,1
CUST02350,0.0106,0
CUST02351,0.1753,1
CUST02352,0.0049,0
CUST02353,0.4659,0
CUST02354,0.1272,0
CUST02355,0.0133,0
CUST02356,0.8466,1
CUST02357,0.0172,0
CUST02358,0.9246,1
CUST02359,0.8444,1
CUST02360,0.9122,1
CUST02361,0.0035,0
CUST02362,0.0178,0
CUST02363,0.1348,0
CUST02364,0.0024,0
CUST02365,0.3505,0
CUST02366,0.085,0
CUST02367,0.7705,1
CUST02368,0.9081,1
CUST02369,0.3451,0
CUST02370,0.8352,1
CUST02371,0.5082,1
CUST02372,0.002,0
CUST02373,0.0032,0
CUST02374,0.003,0
CUST02375,0.7674,0
CUST02376,0.0017,0
CUST02377,0.09,0
CUST02378,0.0441,0
CUST02379,0.0057,0
CUST02380,0.7368,0
CUST02381,0.0033,0
CUST02382,0.311,1
CUST02383,0.0159,0
CUST02384,0.0016,0
CUST02385,0.5909,0
CUST02386,0.7833,1
CUST02387,0.3827,0
CUST02388,0.0024,0
CUST02389,0.0677,0
CUST02390,0.1772,0
CUST02391,0.7776,1
CUST02392,0.0524,0
CUST02393,0.0377,0
CUST02394,0.0031,0
CUST02395,0.1872,0
CUST02396,0.0048,0
CUST02397,0.6704,1
CUST02398,0.0148,0
CUST02399,0.9083,1
CUST02400,0.6902,1
CUST02401,0.5701,0
CUST02402,0.0522,0
CUST02403,0.4736,0
CUST02404,0.008,0
CUST02405,0.1207,0
CUST02406,0.2704,0
CUST02407,0.069,0
CUST02408,0.3852,1
CUST02409,0.0527,0
CUST02410,0.0076,0
CUST02411,0.0565,0
CUST02412,0.002,0
CUST02413,0.0701,0
CUST02414,0.0095,0
CUST02415,0.0979,0
CUST02416,0.3884,0
CUST02417,0.3616,1
CUST02418,0.4479,1
CUST02419,0.6393,0
CUST02420,0.0027,0
CUST02421,0.1876,0
CUST02422,0.2972,1
CUST02423,0.4863,1
CUST02424,0.6843,0
CUST02425,0.9517,1
CUST02426,0.0049,0
CUST02427,0.0439,0
CUST02428,0.7312,0
CUST02429,0.0109,0
CUST02430,0.4654,0
CUST02431,0.1261,0
CUST02432,0.0786,0
CUST02433,0.3239,0
CUST02434,0.006,0
CUST02435,0.0035,0
CUST02436,0.0016,0
CUST02437,0.0264,0
CUST02438,0.9316,1
CUST02439,0.0024,0
CUST02440,0.0126,0
CUST02441,0.1517,0
CUST02442,0.7684,1
CUST02443,0.3313,0
CUST02444,0.022,0
CUST02445,0.2664,1
CUST02446,0.1227,0
CUST02447,0.0065,0
CUST02448,0.0031,0
CUST02449,0.0092,0
CUST02450,0.3242,0
CUST02451,0.0053,0
CUST02452,0.005,0
CUST02453,0.0421,0
CUST02454,0.9341,1
CUST02455,0.0046,0
CUST02456,0.0022,0
CUST02457,0.3146,0
CUST02458,0.0238,0
CUST02459,0.6228,1
CUST02460,0.0023,0
CUST02461,0.8437,1
CUST02462,0.9178,1
CUST02463,0.0207,0
CUST02464,0.707,0
CUST02465,0.8702,1
CUST02466,0.761,1
CUST02467,0.005,0
CUST02468,0.0968,0
CUST02469,0.018,0
CUST02470,0.0143,0
CUST02471,0.0482,0
CUST02472,0.042,0
CUST02473,0.0053,0
CUST02474,0.0025,0
CUST02475,0.695,1
CUST02476,0.2691,0
CUST02477,0.7577,1
CUST02478,0.2049,0
CUST02479,0.0451,0
CUST02480,0.0835,0
CUST02481,0.1626,0
CUST02482,0.0403,0
CUST02483,0.002,0
CUST02484,0.003,0
CUST02485,0.0518,0
CUST02486,0.1769,0
CUST02487,0.3191,0
CUST02488,0.4632,0
CUST02489,0.0665,0
CUST02490,0.0017,0
CUST02491,0.4552,0
CUST02492,0.0031,0
CUST02493,0.163,1
CUST02494,0.3835,1
CUST02495,0.0398,0
CUST02496,0.232,1
CUST02497,0.0822,0
CUST02498,0.2345,0
CUST02499,0.0265,0
CUST02500,0.3672,0
CUST02501,0.107,0
CUST02502,0.0018,0
CUST02503,0.0031,0
CUST02504,0.4743,1
CUST02505,0.2208,1
CUST02506,0.27,1
CUST02507,0.0186,0
CUST02508,0.6898,0
CUST02509,0.0619,0
CUST02510,0.0487,0
CUST02511,0.2286,1
CUST02512,0.1088,0
CUST02513,0.0742,1
CUST02514,0.0024,0
CUST02515,0.0037,0
CUST02516,0.0078,0
CUST02517,0.021,0
CUST02518,0.0817,1
CUST02519,0.1139,0
CUST02520,0.34,0
CUST02521,0.8748,1
CUST02522,0.0245,0
CUST02523,0.0046,0
CUST02524,0.0999,0
CUST02525,0.0027,0
CUST02526,0.8667,1
CUST02527,0.0154,0
CUST02528,0.0054,0
CUST02529,0.2876,0
CUST02530,0.9464,1
CUST02531,0.438,1
CUST02532,0.5326,1
CUST02533,0.0731,0
CUST02534,0.0033,0
CUST02535,0.5147,1
CUST02536,0.006,0
CUST02537,0.087,0
CUST02538,0.0429,0
CUST02539,0.5295,1
CUST02540,0.0036,0
CUST02541,0.0032,0
CUST02542,0.2191,0
CUST02543,0.9492,1
CUST02544,0.2678,0
CUST02545,0.4513,1
CUST02546,0.8507,1
CUST02547,0.6144,1
CUST02548,0.1883,0
CUST02549,0.8704,1
CUST02550,0.5355,0
CUST02551,0.0227,0
CUST02552,0.5535,1
CUST02553,0.8392,0
CUST02554,0.0045,0
CUST02555,0.7541,1
CUST02556,0.0208,0
CUST02557,0.2836,0
CUST02558,0.0126,0
CUST02559,0.0107,0
CUST02560,0.1465,0
CUST02561,0.0018,0
CUST02562,0.3907,0
CUST02563,0.0128,0
CUST02564,0.2807,0
CUST02565,0.0077,0
CUST02566,0.0303,0
CUST02567,0.0072,0
CUST02568,0.6744,0
CUST02569,0.2751,0
CUST02570,0.9465,1
CUST02571,0.8556,1
CUST02572,0.4369,0
CUST02573,0.806,1
CUST02574,0.5354,1
CUST02575,0.0297,0
CUST02576,0.3889,1
CUST02577,0.3651,0
CUST02578,0.1043,1
CUST02579,0.0349,0
CUST02580,0.6008,0
CUST02581,0.0034,0
CUST02582,0.2878,1
CUST02583,0.9375,1
CUST02584,0.0041,0
CUST02585,0.0083,0
CUST02586,0.0572,0
CUST02587,0.0025,0
CUST02588,0.0316,0
CUST02589,0.161,0
CUST02590,0.5617,0
CUST02591,0.3618,0
CUST02592,0.8435,1
CUST02593,0.8599,0
CUST02594,0.0033,0
CUST02595,0.9474,1
CUST02596,0.7465,1
CUST02597,0.003,0
CUST02598,0.3922,0
CUST02599,0.0889,0
CUST02600,0.4304,0
CUST02601,0.0145,0
CUST02602,0.0019,0
CUST02603,0.6783,1
CUST02604,0.032,0
CUST02605,0.0055,0
CUST02606,0.0029,0
CUST02607,0.9018,1
CUST02608,0.0129,0
CUST02609,0.7591,0
CUST02610,0.0122,0
CUST02611,0.3414,0
CUST02612,0.5079,1
CUST02613,0.4964,1
CUST02614,0.3647,0
CUST02615,0.7894,1
CUST02616,0.1535,1
CUST02617,0.0651,0
CUST02618,0.2827,0
CUST02619,0.0628,0
CUST02620,0.7027,0
CUST02621,0.0082,0
CUST02622,0.0865,0
CUST02623,0.0028,0
CUST02624,0.0864,0
CUST02625,0.341,0
CUST02626,0.0764,0
CUST02627,0.0922,0
CUST02628,0.1046,0
CUST02629,0.4887,0
CUST02630,0.0076,0
CUST02631,0.3125,0
CUST02632,0.0066,0
CUST02633,0.8801,1
CUST02634,0.0288,0
CUST02635,0.0628,0
CUST02636,0.178,0
CUST02637,0.367,0
CUST02638,0.1005,0
CUST02639,0.0031,0
CUST02640,0.9566,1
CUST02641,0.7217,1
CUST02642,0.0293,0
CUST02643,0.0194,0
CUST02644,0.1258,0
CUST02645,0.0466,0
CUST02646,0.2787,0
CUST02647,0.002,0
CUST02648,0.0141,0
CUST02649,0.0161,0
CUST02650,0.1418,0
CUST02651,0.0691,0
CUST02652,0.6364,1
CUST02653,0.8206,1
CUST02654,0.0486,0
CUST02655,0.8263,1
CUST02656,0.007,0
CUST02657,0.0128,0
CUST02658,0.0088,0
CUST02659,0.0986,0
CUST02660,0.3974,1
CUST02661,0.003,0
CUST02662,0.0358,0
CUST02663,0.0026,0
CUST02664,0.0022,0
CUST02665,0.0065,0
CUST02666,0.0154,0
CUST02667,0.3501,0
CUST02668,0.2366,0
CUST02669,0.3523,0
CUST02670,0.0082,0
CUST02671,0.8275,1
CUST02672,0.0022,0
CUST02673,0.0022,0
CUST02674,0.0031,0
CUST02675,0.073,0
CUST02676,0.0321,0
CUST02677,0.0023,0
CUST02678,0.4258,0
CUST02679,0.9396,1
CUST02680,0.0018,0
CUST02681,0.7921,1
CUST02682,0.0033,0
CUST02683,0.7287,1
CUST02684,0.0028,0
CUST02685,0.4332,0
CUST02686,0.4387,1
CUST02687,0.011,0
CUST02688,0.0079,0
CUST02689,0.6347,0
CUST02690,0.6588,1
CUST02691,0.1259,0
CUST02692,0.0038,0
CUST02693,0.0509,0
CUST02694,0.0068,0
CUST02695,0.7423,1
CUST02696,0.0066,0
CUST02697,0.0022,0
CUST02698,0.4441,1
CUST02699,0.0018,0
CUST02700,0.3486,0
CUST02701,0.0328,0
CUST02702,0.3374,1
CUST02703,0.0018,0
CUST02704,0.4171,1
CUST02705,0.6871,1
CUST02706,0.117,0
CUST02707,0.005,0
CUST02708,0.9203,1
CUST02709,0.1065,0
CUST02710,0.0449,0
CUST02711,0.0031,0
CUST02712,0.3459,0
CUST02713,0.2854,0
CUST02714,0.0035,0
CUST02715,0.6121,1
CUST02716,0.0026,0
CUST02717,0.4253,1
CUST02718,0.4214,0
CUST02719,0.2965,0
CUST02720,0.865,1
CUST02721,0.002,0
CUST02722,0.0037,0
CUST02723,0.0116,0
CUST02724,0.4715,1
CUST02725,0.4715,0
CUST02726,0.0062,0
CUST02727,0.002,0
CUST02728,0.0046,0
CUST02729,0.0036,0
CUST02730,0.1943,0
CUST02731,0.0223,0
CUST02732,0.0073,0
CUST02733,0.8982,1
CUST02734,0.0031,0
CUST02735,0.4131,0
CUST02736,0.1833,0
CUST02737,0.0025,0
CUST02738,0.6654,0
CUST02739,0.0076,0
CUST02740,0.0199,0
CUST02741,0.0132,0
CUST02742,0.032,0
CUST02743,0.1058,0
CUST02744,0.1331,0
CUST02745,0.0286,0
CUST02746,0.0029,0
CUST02747,0.1105,0
CUST02748,0.0117,0
CUST02749,0.0041,0
CUST02750,0.9053,1
CUST02751,0.0052,0
CUST02752,0.0432,0
CUST02753,0.1575,0
CUST02754,0.3305,0
CUST02755,0.0018,0
CUST02756,0.0221,0
CUST02757,0.0032,0
CUST02758,0.0251,0
CUST02759,0.6776,1
CUST02760,0.0044,0
CUST02761,0.0021,0
CUST02762,0.0117,0
CUST02763,0.0089,0
CUST02764,0.9434,1
CUST02765,0.292,0
CUST02766,0.0024,0
CUST02767,0.5041,0
CUST02768,0.0202,0
CUST02769,0.0179,0
CUST02770,0.8074,1
CUST02771,0.0021,0
CUST02772,0.2646,0
CUST02773,0.3209,1
CUST02774,0.8738,1
CUST02775,0.019,0
CUST02776,0.8889,1
CUST02777,0.0175,0
CUST02778,0.3679,1
CUST02779,0.1271,0
CUST02780,0.0315,0
CUST02781,0.397,0
CUST02782,0.4552,1
CUST02783,0.0154,0
CUST02784,0.6977,1
CUST02785,0.0048,0
CUST02786,0.3999,0
CUST02787,0.1135,0
CUST02788,0.3743,0
CUST02789,0.1337,0
CUST02790,0.0028,0
CUST02791,0.0021,0
CUST02792,0.2263,0
CUST02793,0.0045,0
CUST02794,0.1042,1
CUST02795,0.9601,1
CUST02796,0.0028,0
CUST02797,0.2678,0
CUST02798,0.1079,0
CUST02799,0.8971,1
CUST02800,0.0032,0
CUST02801,0.0785,0
CUST02802,0.0031,0
CUST02803,0.0159,0
CUST02804,0.4645,0
CUST02805,0.4954,0
CUST02806,0.0036,0
CUST02807,0.7467,0
CUST02808,0.0146,0
CUST02809,0.0748,0
CUST02810,0.1244,0
CUST02811,0.9451,1
CUST02812,0.0069,0
CUST02813,0.0762,0
CUST02814,0.6362,0
CUST02815,0.005,0
CUST02816,0.0968,0
CUST02817,0.0119,0
CUST02818,0.002,0
CUST02819,0.0025,0
CUST02820,0.0584,0
CUST02821,0.8368,1
CUST02822,0.0272,0
CUST02823,0.0852,0
CUST02824,0.6908,0
CUST02825,0.0022,0
CUST02826,0.0259,0
CUST02827,0.7385,1
CUST02828,0.2514,0
CUST02829,0.9028,1
CUST02830,0.005,0
CUST02831,0.6033,1
CUST02832,0.0891,0
CUST02833,0.355,0
CUST02834,0.2317,0
CUST02835,0.0075,0
CUST02836,0.602,0
CUST02837,0.12,0
CUST02838,0.7111,1
CUST02839,0.0864,0
CUST02840,0.0035,0
CUST02841,0.0021,0
CUST02842,0.9498,1
CUST02843,0.0021,0
CUST02844,0.0939,0
CUST02845,0.032,0
CUST02846,0.0029,0
CUST02847,0.3171,1
CUST02848,0.1328,0
CUST02849,0.0029,0
CUST02850,0.225,0
CUST02851,0.002,0
CUST02852,0.0283,0
CUST02853,0.3587,0
CUST02854,0.5477,1
CUST02855,0.0268,0
CUST02856,0.3191,0
CUST02857,0.0049,0
CUST02858,0.0425,0
CUST02859,0.9558,1
CUST02860,0.3102,0
CUST02861,0.0063,0
CUST02862,0.022,0
CUST02863,0.2247,0
CUST02864,0.2705,0
CUST02865,0.0043,0
CUST02866,0.014,0
CUST02867,0.4275,1
CUST02868,0.454,1
CUST02869,0.9472,1
CUST02870,0.002,0
CUST02871,0.0109,0
CUST02872,0.6711,0
CUST02873,0.7686,1
CUST02874,0.0477,0
CUST02875,0.0121,0
CUST02876,0.003,0
CUST02877,0.003,0
CUST02878,0.0596,0
CUST02879,0.6985,0
CUST02880,0.0034,0
CUST02881,0.022,0
CUST02882,0.2011,0
CUST02883,0.0019,0
CUST02884,0.0024,0
CUST02885,0.503,1
CUST02886,0.8536,1
CUST02887,0.314,1
CUST02888,0.13,0
CUST02889,0.6856,1
CUST02890,0.5261,1
CUST02891,0.1042,0
CUST02892,0.0079,0
CUST02893,0.7535,0
CUST02894,0.3364,0
CUST02895,0.4404,0
CUST02896,0.3102,1
CUST02897,0.5638,0
CUST02898,0.0949,0
CUST02899,0.8716,1
CUST02900,0.9431,1
CUST02901,0.3546,0
CUST02902,0.2484,0
CUST02903,0.7577,1
CUST02904,0.5745,0
CUST02905,0.4456,0
CUST02906,0.2138,0
CUST02907,0.0146,0
CUST02908,0.9569,1
CUST02909,0.3301,1
CUST02910,0.4488,0
CUST02911,0.9074,1
CUST02912,0.1507,0
CUST02913,0.2724,0
CUST02914,0.7662,1
CUST02915,0.0257,0
CUST02916,0.3568,0
CUST02917,0.0045,0
CUST02918,0.0235,0
CUST02919,0.0789,0
CUST02920,0.6647,1
CUST02921,0.0029,0
CUST02922,0.3546,0
CUST02923,0.2418,1
CUST02924,0.393,1
CUST02925,0.7467,0
CUST02926,0.0136,0
CUST02927,0.0215,0
CUST02928,0.0043,0
CUST02929,0.0016,0
CUST02930,0.1399,0
CUST02931,0.0118,0
CUST02932,0.0024,0
CUST02933,0.037,0
CUST02934,0.0888,0
CUST02935,0.7995,1
CUST02936,0.1304,0
CUST02937,0.9492,1
CUST02938,0.4679,0
CUST02939,0.0019,0
CUST02940,0.951,1
CUST02941,0.1561,0
CUST02942,0.0247,0
CUST02943,0.0042,0
CUST02944,0.2958,0
CUST02945,0.3483,0
CUST02946,0.01,0
CUST02947,0.0266,0
CUST02948,0.5766,1
CUST02949,0.1142,0
CUST02950,0.0103,0
CUST02951,0.7635,1
CUST02952,0.0019,0
CUST02953,0.002,0
CUST02954,0.7768,1
CUST02955,0.018,0
CUST02956,0.0056,0
CUST02957,0.159,1
CUST02958,0.0782,0
CUST02959,0.5859,0
CUST02960,0.0208,0
CUST02961,0.0021,0
CUST02962,0.3637,0
CUST02963,0.9447,1
CUST02964,0.9034,1
CUST02965,0.0032,0
CUST02966,0.0886,0
CUST02967,0.0326,0
CUST02968,0.0026,0
CUST02969,0.3123,0
CUST02970,0.5372,0
CUST02971,0.8962,1
CUST02972,0.0046,0
CUST02973,0.0074,0
CUST02974,0.0029,0
CUST02975,0.1518,0
CUST02976,0.6289,1
CUST02977,0.2212,0
CUST02978,0.2126,0
CUST02979,0.0425,0
CUST02980,0.0194,0
CUST02981,0.1009,0
CUST02982,0.0026,0
CUST02983,0.8467,1
CUST02984,0.1999,0
CUST02985,0.6234,1
CUST02986,0.0245,0
CUST02987,0.3879,0
CUST02988,0.7422,1
CUST02989,0.3554,0
CUST02990,0.0141,0
CUST02991,0.7762,1
CUST02992,0.0569,0
CUST02993,0.0017,0
CUST02994,0.0026,0
CUST02995,0.7434,1
CUST02996,0.0347,0
CUST02997,0.5568,0
CUST02998,0.2215,1
CUST02999,0.0031,0
CUST03000,0.0021,0
CUST03001,0.0026,0
CUST03002,0.6822,0
CUST03003,0.003,0
CUST03004,0.1906,0
CUST03005,0.4786,0
CUST03006,0.0602,0
CUST03007,0.5414,0
CUST03008,0.3635,0
CUST03009,0.8915,1
CUST03010,0.1828,0
CUST03011,0.0043,0
CUST03012,0.5381,1
CUST03013,0.8312,1
CUST03014,0.5404,0
CUST03015,0.2057,0
CUST03016,0.0028,0
CUST03017,0.0567,0
CUST03018,0.0151,0
CUST03019,0.0147,0
CUST03020,0.0025,0
CUST03021,0.7861,1
CUST03022,0.0862,0
CUST03023,0.0085,0
CUST03024,0.0035,0
CUST03025,0.0046,0
CUST03026,0.0185,0
CUST03027,0.0152,0
CUST03028,0.1573,0
CUST03029,0.3519,1
CUST03030,0.0026,0
CUST03031,0.7341,0
CUST03032,0.0601,0
CUST03033,0.0125,0
CUST03034,0.002,0
CUST03035,0.9458,1
CUST03036,0.3834,1
CUST03037,0.4637,1
CUST03038,0.0029,0
CUST03039,0.9304,1
CUST03040,0.0316,0
CUST03041,0.5612,0
CUST03042,0.0043,0
CUST03043,0.1152,0
CUST03044,0.8742,1
CUST03045,0.9451,1
CUST03046,0.2047,0
CUST03047,0.4025,1
CUST03048,0.2724,0
CUST03049,0.0028,0
CUST03050,0.0108,0
CUST03051,0.2105,0
CUST03052,0.0869,0
CUST03053,0.0036,0
CUST03054,0.1134,0
CUST03055,0.6615,1
CUST03056,0.0108,0
CUST03057,0.4094,1
CUST03058,0.1118,0
CUST03059,0.0025,0
CUST03060,0.682,1
CUST03061,0.3798,0
CUST03062,0.2185,0
CUST03063,0.5483,1
CUST03064,0.0435,0
CUST03065,0.3898,0
CUST03066,0.0025,0
CUST03067,0.0051,0
CUST03068,0.0042,0
CUST03069,0.0027,0
CUST03070,0.5992,1
CUST03071,0.2214,0
CUST03072,0.2228,0
CUST03073,0.2774,1
CUST03074,0.7704,1
CUST03075,0.0085,0
CUST03076,0.0114,0
CUST03077,0.0313,0
CUST03078,0.0019,0
CUST03079,0.1008,1
CUST03080,0.6368,1
CUST03081,0.4102,0
CUST03082,0.2588,1
CUST03083,0.687,1
CUST03084,0.6489,1
CUST03085,0.8841,1
CUST03086,0.0072,0
CUST03087,0.2614,0
CUST03088,0.3067,0
CUST03089,0.0072,0
CUST03090,0.1132,0
CUST03091,0.0029,0
CUST03092,0.0751,0
CUST03093,0.9549,1
CUST03094,0.9332,1
CUST03095,0.0477,0
CUST03096,0.0164,0
CUST03097,0.0229,0
CUST03098,0.0021,0
CUST03099,0.0843,0
CUST03100,0.0091,0
CUST03101,0.0068,0
CUST03102,0.0088,0
CUST03103,0.0066,0
CUST03104,0.3942,0
CUST03105,0.1498,0
CUST03106,0.0207,1
CUST03107,0.3478,0
CUST03108,0.6012,0
CUST03109,0.019,0
CUST03110,0.9491,1
CUST03111,0.0032,0
CUST03112,0.5258,1
CUST03113,0.3788,1
CUST03114,0.4014,0
CUST03115,0.0019,0
CUST03116,0.0183,0
CUST03117,0.882,1
CUST03118,0.2968,0
CUST03119,0.8209,1
CUST03120,0.1332,0
CUST03121,0.2272,1
CUST03122,0.0033,0
CUST03123,0.0429,0
CUST03124,0.7451,1
CUST03125,0.7706,1
CUST03126,0.3631,1
CUST03127,0.0042,0
CUST03128,0.0099,0
CUST03129,0.2683,0
CUST03130,0.0019,0
CUST03131,0.0263,0
CUST03132,0.0025,0
CUST03133,0.0022,0
CUST03134,0.0024,0
CUST03135,0.9271,1
CUST03136,0.4299,0
CUST03137,0.7434,1
CUST03138,0.6475,1
CUST03139,0.691,0
CUST03140,0.0044,0
CUST03141,0.7416,1
CUST03142,0.0095,0
CUST03143,0.4989,0
CUST03144,0.0888,0
CUST03145,0.3423,0
CUST03146,0.6811,0
CUST03147,0.1627,1
CUST03148,0.8628,1
CUST03149,0.0051,0
CUST03150,0.0317,0
CUST03151,0.0245,0
CUST03152,0.9258,1
CUST03153,0.0277,0
CUST03154,0.0614,0
CUST03155,0.4597,0
CUST03156,0.0033,0
CUST03157,0.0882,0
CUST03158,0.0909,0
CUST03159,0.0028,0
CUST03160,0.2969,0
CUST03161,0.0727,0
CUST03162,0.8585,1
CUST03163,0.9421,1
CUST03164,0.7651,1
CUST03165,0.2017,0
CUST03166,0.0744,0
CUST03167,0.3068,0
CUST03168,0.0043,0
CUST03169,0.0449,0
CUST03170,0.0163,0
CUST03171,0.1381,0
CUST03172,0.4704,0
CUST03173,0.7603,1
CUST03174,0.7198,1
CUST03175,0.1031,0
CUST03176,0.7637,1
CUST03177,0.0732,0
CUST03178,0.0032,0
CUST03179,0.5504,1
CUST03180,0.8073,1
CUST03181,0.5135,1
CUST03182,0.0141,0
CUST03183,0.0247,0
CUST03184,0.0057,0
CUST03185,0.2725,0
CUST03186,0.0208,0
CUST03187,0.0034,0
CUST03188,0.1111,0
CUST03189,0.0032,0
CUST03190,0.2058,0
CUST03191,0.1664,0
CUST03192,0.4997,0
CUST03193,0.9128,1
CUST03194,0.0049,0
CUST03195,0.4467,0
CUST03196,0.0024,0
CUST03197,0.141,0
CUST03198,0.0025,0
CUST03199,0.1553,0
CUST03200,0.0227,0
CUST03201,0.0023,0
CUST03202,0.1989,0
CUST03203,0.1416,0
CUST03204,0.0637,0
CUST03205,0.0043,0
CUST03206,0.3077,0
CUST03207,0.0066,0
CUST03208,0.1675,1
CUST03209,0.7342,1
CUST03210,0.0197,0
CUST03211,0.0064,0
CUST03212,0.1254,1
CUST03213,0.2096,0
CUST03214,0.7902,1
CUST03215,0.3497,0
CUST03216,0.8538,1
CUST03217,0.7657,1
CUST03218,0.0028,0
CUST03219,0.0161,0
CUST03220,0.6239,1
CUST03221,0.7878,0
CUST03222,0.003,0
CUST03223,0.0022,0
CUST03224,0.0022,0
CUST03225,0.0128,0
CUST03226,0.0889,1
CUST03227,0.1132,0
CUST03228,0.4707,1
CUST03229,0.002,0
CUST03230,0.0048,0
CUST03231,0.0046,0
CUST03232,0.0016,0
CUST03233,0.8487,1
CUST03234,0.1036,0
CUST03235,0.5934,1
CUST03236,0.011,0
CUST03237,0.0365,0
CUST03238,0.3349,1
CUST03239,0.01,0
CUST03240,0.009,0
CUST03241,0.0026,0
CUST03242,0.3281,0
CUST03243,0.8838,1
CUST03244,0.0015,0
CUST03245,0.7518,1
CUST03246,0.8315,1
CUST03247,0.0136,0
CUST03248,0.0257,0
CUST03249,0.0777,0
CUST03250,0.9114,1
CUST03251,0.0543,0
CUST03252,0.0124,0
CUST03253,0.0067,0
CUST03254,0.0023,0
CUST03255,0.6389,1
CUST03256,0.1669,0
CUST03257,0.03,0
CUST03258,0.7996,0
CUST03259,0.0038,0
CUST03260,0.018,0
CUST03261,0.3322,0
CUST03262,0.0022,0
CUST03263,0.6091,0
CUST03264,0.7767,0
CUST03265,0.8932,0
CUST03266,0.1128,0
CUST03267,0.0023,0
CUST03268,0.0403,0
CUST03269,0.0403,0
CUST03270,0.0021,0
CUST03271,0.2695,0
CUST03272,0.9268,1
CUST03273,0.4144,0
CUST03274,0.3036,0
CUST03275,0.0017,0
CUST03276,0.7191,1
CUST03277,0.9118,1
CUST03278,0.0039,0
CUST03279,0.0025,0
CUST03280,0.2985,0
CUST03281,0.0071,0
CUST03282,0.003,0
CUST03283,0.3179,1
CUST03284,0.084,0
CUST03285,0.0743,0
CUST03286,0.0075,0
CUST03287,0.0111,0
CUST03288,0.0054,0
CUST03289,0.0168,0
CUST03290,0.0147,0
CUST03291,0.7855,1
CUST03292,0.7391,1
CUST03293,0.8393,1
CUST03294,0.01,0
CUST03295,0.6988,1
CUST03296,0.0034,0
CUST03297,0.0026,0
CUST03298,0.075,0
CUST03299,0.8112,1
CUST03300,0.0086,0
CUST03301,0.002,0
CUST03302,0.4348,0
CUST03303,0.389,1
CUST03304,0.0026,0
CUST03305,0.5928,0
CUST03306,0.7978,1
CUST03307,0.3896,1
CUST03308,0.015,0
CUST03309,0.016,0
CUST03310,0.0362,0
CUST03311,0.7096,0
CUST03312,0.0031,0
CUST03313,0.0032,0
CUST03314,0.4426,0
CUST03315,0.1398,0
CUST03316,0.3249,1
CUST03317,0.2359,0
CUST03318,0.0042,0
CUST03319,0.696,0
CUST03320,0.865,1
CUST03321,0.3168,1
CUST03322,0.0144,0
CUST03323,0.1698,0
CUST03324,0.0026,0
CUST03325,0.8937,1
CUST03326,0.0056,0
CUST03327,0.8677,1
CUST03328,0.8734,1
CUST03329,0.7714,1
CUST03330,0.8078,1
CUST03331,0.9482,1
CUST03332,0.0051,0
CUST03333,0.0049,0
CUST03334,0.0837,0
CUST03335,0.0031,0
CUST03336,0.0307,0
CUST03337,0.8704,1
CUST03338,0.0507,0
CUST03339,0.0161,0
CUST03340,0.7554,1
CUST03341,0.0139,0
CUST03342,0.0129,0
CUST03343,0.0042,0
CUST03344,0.894,1
CUST03345,0.0051,0
CUST03346,0.0027,0
CUST03347,0.0993,0
CUST03348,0.0052,0
CUST03349,0.5631,1
CUST03350,0.3183,1
CUST03351,0.7335,1
CUST03352,0.2356,0
CUST03353,0.0036,0
CUST03354,0.2907,0
CUST03355,0.3113,1
CUST03356,0.0118,0
CUST03357,0.8604,1
CUST03358,0.0482,0
CUST03359,0.0269,0
CUST03360,0.0314,0
CUST03361,0.0031,0
CUST03362,0.0025,0
CUST03363,0.5536,1
CUST03364,0.1361,1
CUST03365,0.7509,1
CUST03366,0.0019,0
CUST03367,0.002,0
CUST03368,0.0086,0
CUST03369,0.0035,0
CUST03370,0.3752,0
CUST03371,0.0022,0
CUST03372,0.0252,0
CUST03373,0.3064,0
CUST03374,0.0168,0
CUST03375,0.8209,1
CUST03376,0.0418,0
CUST03377,0.002,0
CUST03378,0.2223,0
CUST03379,0.1878,0
CUST03380,0.2057,0
CUST03381,0.0027,0
CUST03382,0.0268,0
CUST03383,0.0167,0
CUST03384,0.8762,1
CUST03385,0.0637,0
CUST03386,0.01,0
CUST03387,0.0021,0
CUST03388,0.8272,0
CUST03389,0.0025,0
CUST03390,0.4473,1
CUST03391,0.4648,1
CUST03392,0.075,0
CUST03393,0.0467,0
CUST03394,0.6746,1
CUST03395,0.002,0
CUST03396,0.306,1
CUST03397,0.0647,0
CUST03398,0.0035,0
CUST03399,0.0032,0
CUST03400,0.0029,0
CUST03401,0.4419,0
CUST03402,0.054,1
CUST03403,0.0545,0
CUST03404,0.3637,0
CUST03405,0.7407,0
CUST03406,0.1862,0
CUST03407,0.0077,0
CUST03408,0.1717,0
CUST03409,0.0117,0
CUST03410,0.1564,0
CUST03411,0.0065,0
CUST03412,0.0776,1
CUST03413,0.0022,0
CUST03414,0.719,1
CUST03415,0.019,0
CUST03416,0.675,0
CUST03417,0.5948,1
CUST03418,0.0024,0
CUST03419,0.0045,0
CUST03420,0.0092,0
CUST03421,0.0025,0
CUST03422,0.0072,0
CUST03423,0.0097,0
CUST03424,0.8481,1
CUST03425,0.3085,0
CUST03426,0.7813,1
CUST03427,0.0039,0
CUST03428,0.761,0
CUST03429,0.2716,0
CUST03430,0.0183,0
CUST03431,0.14,0
CUST03432,0.0033,0
CUST03433,0.0394,0
CUST03434,0.0059,0
CUST03435,0.0893,0
CUST03436,0.7249,0
CUST03437,0.1963,0
CUST03438,0.0085,0
CUST03439,0.2202,0
CUST03440,0.0215,0
CUST03441,0.8781,1
CUST03442,0.0036,0
CUST03443,0.3623,1
CUST03444,0.0926,0
CUST03445,0.0332,0
CUST03446,0.0039,0
CUST03447,0.0038,0
CUST03448,0.0239,0
CUST03449,0.0809,0
CUST03450,0.0062,0
CUST03451,0.4598,0
CUST03452,0.1032,0
CUST03453,0.0029,0
CUST03454,0.0116,0
CUST03455,0.0584,0
CUST03456,0.3728,0
CUST03457,0.0042,0
CUST03458,0.9391,1
CUST03459,0.0081,0
CUST03460,0.002,0
CUST03461,0.2167,0
CUST03462,0.0027,0
CUST03463,0.0426,0
CUST03464,0.0025,0
CUST03465,0.0079,0
CUST03466,0.1068,0
CUST03467,0.0158,0
CUST03468,0.8701,1
CUST03469,0.3794,0
CUST03470,0.2393,0
CUST03471,0.8636,0
CUST03472,0.0055,0
CUST03473,0.6946,1
CUST03474,0.1645,0
CUST03475,0.0049,0
CUST03476,0.0036,0
CUST03477,0.8096,1
CUST03478,0.0052,0
CUST03479,0.0057,0
CUST03480,0.5238,0
CUST03481,0.0283,1
CUST03482,0.6411,1
CUST03483,0.0207,0
CUST03484,0.0369,0
CUST03485,0.1033,0
CUST03486,0.6644,1
CUST03487,0.2724,0
CUST03488,0.3492,1
CUST03489,0.0028,0
CUST03490,0.4134,0
CUST03491,0.7055,1
CUST03492,0.4851,0
CUST03493,0.5755,0
CUST03494,0.4383,0
CUST03495,0.0201,0
CUST03496,0.3856,0
CUST03497,0.0116,0
CUST03498,0.1094,0
CUST03499,0.0057,0
CUST03500,0.0286,0
CUST03501,0.4834,0
CUST03502,0.1563,0
CUST03503,0.0052,0
CUST03504,0.6848,0
CUST03505,0.7182,1
CUST03506,0.0086,0
CUST03507,0.1509,0
CUST03508,0.8523,0
CUST03509,0.6765,0
CUST03510,0.1654,1
CUST03511,0.7714,1
CUST03512,0.0029,0
CUST03513,0.3888,0
CUST03514,0.0997,0
CUST03515,0.7611,1
CUST03516,0.8745,1
CUST03517,0.0129,0
CUST03518,0.0024,0
CUST03519,0.0216,0
CUST03520,0.7782,1
CUST03521,0.086,0
CUST03522,0.088,0
CUST03523,0.0862,0
CUST03524,0.5099,1
CUST03525,0.7198,1
CUST03526,0.4953,1
CUST03527,0.0292,0
CUST03528,0.0101,0
CUST03529,0.0117,0
CUST03530,0.0064,0
CUST03531,0.0026,0
CUST03532,0.9184,1
CUST03533,0.0625,0
CUST03534,0.0056,0
CUST03535,0.1095,0
CUST03536,0.0421,0
CUST03537,0.0018,0
CUST03538,0.3305,1
CUST03539,0.0205,0
CUST03540,0.7592,1
CUST03541,0.0024,0
CUST03542,0.652,1
CUST03543,0.2712,0
CUST03544,0.0311,0
CUST03545,0.8004,1
CUST03546,0.0036,0
CUST03547,0.2783,0
CUST03548,0.1561,0
CUST03549,0.0071,0
CUST03550,0.0695,0
CUST03551,0.0018,0
CUST03552,0.0229,0
CUST03553,0.0299,0
CUST03554,0.0069,0
CUST03555,0.0964,0
CUST03556,0.2294,0
CUST03557,0.0341,0
CUST03558,0.406,1
CUST03559,0.3627,1
CUST03560,0.7286,0
CUST03561,0.069,0
CUST03562,0.0841,0
CUST03563,0.0074,0
CUST03564,0.8326,1
CUST03565,0.0035,0
CUST03566,0.1217,0
CUST03567,0.1491,0
CUST03568,0.4149,1
CUST03569,0.1236,0
CUST03570,0.7361,0
CUST03571,0.0487,0
CUST03572,0.2176,0
CUST03573,0.8683,0
CUST03574,0.0034,0
CUST03575,0.4282,0
CUST03576,0.5311,1
CUST03577,0.0737,0
CUST03578,0.0054,0
CUST03579,0.0131,0
CUST03580,0.0018,0
CUST03581,0.6085,0
CUST03582,0.8289,1
CUST03583,0.0123,0
CUST03584,0.6139,1
CUST03585,0.101,0
CUST03586,0.0585,0
CUST03587,0.3763,1
CUST03588,0.3523,0
CUST03589,0.1237,0
CUST03590,0.1335,0
CUST03591,0.7452,1
CUST03592,0.1759,0
CUST03593,0.1095,0
CUST03594,0.59,1
CUST03595,0.5535,1
CUST03596,0.0158,0
CUST03597,0.3977,0
CUST03598,0.8606,1
CUST03599,0.0201,0
CUST03600,0.0486,0
CUST03601,0.8317,1
CUST03602,0.0804,0
CUST03603,0.0042,0
CUST03604,0.3989,0
CUST03605,0.0086,0
CUST03606,0.0176,0
CUST03607,0.0029,0
CUST03608,0.7219,1
CUST03609,0.0029,0
CUST03610,0.1346,0
CUST03611,0.046,0
CUST03612,0.0034,0
CUST03613,0.1602,0
CUST03614,0.598,1
CUST03615,0.8513,0
CUST03616,0.0048,0
CUST03617,0.1771,1
CUST03618,0.591,1
CUST03619,0.4062,1
CUST03620,0.1924,0
CUST03621,0.8269,1
CUST03622,0.5873,0
CUST03623,0.0031,0
CUST03624,0.1575,1
CUST03625,0.2542,0
CUST03626,0.4668,1
CUST03627,0.4523,1
CUST03628,0.9308,1
CUST03629,0.299,0
CUST03630,0.4777,0
CUST03631,0.485,0
CUST03632,0.0566,0
CUST03633,0.1657,0
CUST03634,0.003,0
CUST03635,0.9135,1
CUST03636,0.0053,0
CUST03637,0.3024,0
CUST03638,0.4841,0
CUST03639,0.0021,0
CUST03640,0.0019,0
CUST03641,0.2461,0
CUST03642,0.0033,0
CUST03643,0.6343,1
CUST03644,0.1069,0
CUST03645,0.0993,0
CUST03646,0.8437,1
CUST03647,0.5711,0
CUST03648,0.8707,1
CUST03649,0.0896,0
CUST03650,0.0264,0
CUST03651,0.0554,0
CUST03652,0.8138,0
CUST03653,0.7627,1
CUST03654,0.8978,1
CUST03655,0.1785,0
CUST03656,0.5492,1
CUST03657,0.6067,0
CUST03658,0.1483,0
CUST03659,0.0558,0
CUST03660,0.0023,0
CUST03661,0.9413,1
CUST03662,0.3288,1
CUST03663,0.3913,0
CUST03664,0.9512,1
CUST03665,0.0559,0
CUST03666,0.7735,1
CUST03667,0.0024,0
CUST03668,0.2252,0
CUST03669,0.2849,0
CUST03670,0.9424,1
CUST03671,0.0786,0
CUST03672,0.0023,0
CUST03673,0.0024,0
CUST03674,0.0034,0
CUST03675,0.0364,0
CUST03676,0.1371,0
CUST03677,0.3893,1
CUST03678,0.1195,0
CUST03679,0.1635,0
CUST03680,0.0146,0
CUST03681,0.0233,0
CUST03682,0.048,0
CUST03683,0.0044,0
CUST03684,0.5311,1
CUST03685,0.0059,0
CUST03686,0.0029,0
CUST03687,0.579,0
CUST03688,0.3378,0
CUST03689,0.0257,0
CUST03690,0.0047,0
CUST03691,0.258,0
CUST03692,0.0057,0
CUST03693,0.0044,0
CUST03694,0.029,0
CUST03695,0.0333,0
CUST03696,0.015,0
CUST03697,0.1757,0
CUST03698,0.0128,0
CUST03699,0.0574,0
CUST03700,0.0241,0
CUST03701,0.6868,1
CUST03702,0.043,0
CUST03703,0.2802,1
CUST03704,0.003,0
CUST03705,0.0998,0
CUST03706,0.0079,0
CUST03707,0.3735,0
CUST03708,0.3653,0
CUST03709,0.0575,0
CUST03710,0.0298,0
CUST03711,0.0954,0
CUST03712,0.403,0
CUST03713,0.0907,0
CUST03714,0.0058,0
CUST03715,0.0505,0
CUST03716,0.0752,0
CUST03717,0.5506,0
CUST03718,0.0076,0
CUST03719,0.0157,0
CUST03720,0.7408,0
CUST03721,0.088,0
CUST03722,0.0164,0
CUST03723,0.1231,0
CUST03724,0.5935,1
CUST03725,0.039,0
CUST03726,0.4829,1
CUST03727,0.0068,0
CUST03728,0.2706,1
CUST03729,0.0194,0
CUST03730,0.0227,0
CUST03731,0.1518,0
CUST03732,0.1502,0
CUST03733,0.1717,0
CUST03734,0.0025,0
CUST03735,0.8727,1
CUST03736,0.0744,0
CUST03737,0.4727,1
CUST03738,0.0683,0
CUST03739,0.0053,0
CUST03740,0.0016,0
CUST03741,0.1011,0
CUST03742,0.0032,0
CUST03743,0.0299,0
CUST03744,0.0121,0
CUST03745,0.705,0
CUST03746,0.0056,0
CUST03747,0.4468,0
CUST03748,0.01,0
CUST03749,0.0039,0
CUST03750,0.0085,0
CUST03751,0.6076,1
CUST03752,0.8609,1
CUST03753,0.6533,1
CUST03754,0.0027,0
CUST03755,0.0367,0
CUST03756,0.387,1
CUST03757,0.2452,0
CUST03758,0.7121,0
CUST03759,0.7557,1
CUST03760,0.0016,0
CUST03761,0.7176,1
CUST03762,0.7586,0
CUST03763,0.0053,0
CUST03764,0.5157,1
CUST03765,0.0033,0
CUST03766,0.228,1
CUST03767,0.0034,0
CUST03768,0.0034,0
CUST03769,0.0021,0
CUST03770,0.0089,0
CUST03771,0.3566,0
CUST03772,0.0229,0
CUST03773,0.2678,1
CUST03774,0.5026,1
CUST03775,0.0782,0
CUST03776,0.1508,0
CUST03777,0.2972,0
CUST03778,0.5753,1
CUST03779,0.0027,0
CUST03780,0.3233,1
CUST03781,0.0156,0
CUST03782,0.0636,0
CUST03783,0.5506,1
CUST03784,0.0228,0
CUST03785,0.5338,1
CUST03786,0.9503,1
CUST03787,0.0025,0
CUST03788,0.1651,1
CUST03789,0.1096,0
CUST03790,0.0935,1
CUST03791,0.6135,0
CUST03792,0.3302,1
CUST03793,0.0199,0
CUST03794,0.4066,1
CUST03795,0.3884,0
CUST03796,0.0053,0
CUST03797,0.336,0
CUST03798,0.1672,1
CUST03799,0.4551,0
CUST03800,0.7156,1
CUST03801,0.1642,0
CUST03802,0.7327,1
CUST03803,0.3606,0
CUST03804,0.0019,0
CUST03805,0.349,1
CUST03806,0.4485,0
CUST03807,0.005,0
CUST03808,0.0952,0
CUST03809,0.9385,1
CUST03810,0.8433,1
CUST03811,0.0158,0
CUST03812,0.0457,0
CUST03813,0.1202,0
CUST03814,0.0025,0
CUST03815,0.004,0
CUST03816,0.0045,0
CUST03817,0.0225,0
CUST03818,0.0224,0
CUST03819,0.1586,0
CUST03820,0.0176,0
CUST03821,0.003,0
CUST03822,0.0052,0
CUST03823,0.0022,0
CUST03824,0.0021,0
CUST03825,0.0074,0
CUST03826,0.0977,0
CUST03827,0.4808,0
CUST03828,0.0206,0
CUST03829,0.0043,0
CUST03830,0.423,0
CUST03831,0.3315,0
CUST03832,0.1313,0
CUST03833,0.1118,0
CUST03834,0.0074,0
CUST03835,0.1898,1
CUST03836,0.8593,1
CUST03837,0.0028,0
CUST03838,0.7987,1
CUST03839,0.0032,0
CUST03840,0.0025,0
CUST03841,0.1791,0
CUST03842,0.0276,0
CUST03843,0.834,1
CUST03844,0.7771,1
CUST03845,0.027,0
CUST03846,0.0026,0
CUST03847,0.013,0
CUST03848,0.713,1
CUST03849,0.4846,0
CUST03850,0.0603,0
CUST03851,0.8462,1
CUST03852,0.7876,1
CUST03853,0.2688,0
CUST03854,0.8661,1
CUST03855,0.011,0
CUST03856,0.0369,0
CUST03857,0.3775,0
CUST03858,0.8322,1
CUST03859,0.0485,0
CUST03860,0.665,1
CUST03861,0.3072,1
CUST03862,0.0039,0
CUST03863,0.3682,0
CUST03864,0.737,1
CUST03865,0.8265,1
CUST03866,0.0047,0
CUST03867,0.8787,1
CUST03868,0.1575,0
CUST03869,0.0191,0
CUST03870,0.3776,0
CUST03871,0.0022,0
CUST03872,0.0179,0
CUST03873,0.0023,0
CUST03874,0.0067,0
CUST03875,0.105,0
CUST03876,0.0038,0
CUST03877,0.4041,1
CUST03878,0.356,0
CUST03879,0.8773,1
CUST03880,0.3979,0
CUST03881,0.7288,1
CUST03882,0.0093,0
CUST03883,0.0024,0
CUST03884,0.0111,0
CUST03885,0.1514,0
CUST03886,0.0061,0
CUST03887,0.2986,0
CUST03888,0.1583,0
CUST03889,0.003,0
CUST03890,0.0079,0
CUST03891,0.6319,0
CUST03892,0.0297,0
CUST03893,0.6469,1
CUST03894,0.0143,0
CUST03895,0.0926,0
CUST03896,0.7792,1
CUST03897,0.9297,1
CUST03898,0.0212,0
CUST03899,0.5278,0
CUST03900,0.0092,0
CUST03901,0.0027,0
CUST03902,0.0035,0
CUST03903,0.0031,0
CUST03904,0.0112,0
CUST03905,0.5406,1
CUST03906,0.0942,0
CUST03907,0.7743,0
CUST03908,0.6421,0
CUST03909,0.0022,0
CUST03910,0.7951,1
CUST03911,0.5754,0
CUST03912,0.2899,0
CUST03913,0.1276,0
CUST03914,0.0024,0
CUST03915,0.773,1
CUST03916,0.0115,0
CUST03917,0.5133,0
CUST03918,0.3234,0
CUST03919,0.737,1
CUST03920,0.0032,0
CUST03921,0.9458,1
CUST03922,0.1044,0
CUST03923,0.003,0
CUST03924,0.8474,1
CUST03925,0.0222,0
CUST03926,0.0134,0
CUST03927,0.0734,0
CUST03928,0.5825,1
CUST03929,0.0069,0
CUST03930,0.2667,1
CUST03931,0.0161,0
CUST03932,0.0033,0
CUST03933,0.3196,0
CUST03934,0.0027,0
CUST03935,0.2495,0
CUST03936,0.0407,0
CUST03937,0.0067,0
CUST03938,0.0033,0
CUST03939,0.0569,0
CUST03940,0.2271,0
CUST03941,0.766,1
CUST03942,0.4344,0
CUST03943,0.0087,0
CUST03944,0.4155,1
CUST03945,0.0028,0
CUST03946,0.4528,0
CUST03947,0.8746,1
CUST03948,0.8795,1
CUST03949,0.0032,0
CUST03950,0.0087,0
CUST03951,0.0162,0
CUST03952,0.5922,1
CUST03953,0.3011,0
CUST03954,0.4223,1
CUST03955,0.0027,0
CUST03956,0.1673,0
CUST03957,0.7204,0
CUST03958,0.2011,0
CUST03959,0.0198,0
CUST03960,0.0595,0
CUST03961,0.4607,0
CUST03962,0.7557,1
CUST03963,0.0027,0
CUST03964,0.3666,0
CUST03965,0.4517,0
CUST03966,0.8881,1
CUST03967,0.0077,0
CUST03968,0.0689,0
CUST03969,0.3017,0
CUST03970,0.6489,1
CUST03971,0.0029,0
CUST03972,0.3049,0
CUST03973,0.0065,0
CUST03974,0.5898,1
CUST03975,0.2221,0
CUST03976,0.015,0
CUST03977,0.8026,1
CUST03978,0.3026,0
CUST03979,0.8484,1
CUST03980,0.0247,0
CUST03981,0.8663,1
CUST03982,0.0473,0
CUST03983,0.8389,0
CUST03984,0.8854,1
CUST03985,0.0029,0
CUST03986,0.0022,0
CUST03987,0.0026,0
CUST03988,0.1329,0
CUST03989,0.0038,0
CUST03990,0.1742,0
CUST03991,0.4727,0
CUST03992,0.0019,0
CUST03993,0.0101,0
CUST03994,0.0085,0
CUST03995,0.281,0
CUST03996,0.6009,0
CUST03997,0.1812,1
CUST03998,0.0886,0
CUST03999,0.2036,1
CUST04000,0.0022,0
CUST04001,0.2199,0
CUST04002,0.4382,1
CUST04003,0.1952,0
CUST04004,0.11,0
CUST04005,0.0204,0
CUST04006,0.1301,0
CUST04007,0.6411,0
CUST04008,0.8129,1
CUST04009,0.0124,0
CUST04010,0.0028,0
CUST04011,0.0028,0
CUST04012,0.0022,0
CUST04013,0.026,0
CUST04014,0.4459,1
CUST04015,0.0018,0
CUST04016,0.0025,0
CUST04017,0.1958,0
CUST04018,0.4904,0
CUST04019,0.0081,0
CUST04020,0.8548,1
CUST04021,0.0019,0
CUST04022,0.4804,0
CUST04023,0.1359,0
CUST04024,0.0028,0
CUST04025,0.9078,1
CUST04026,0.3597,0
CUST04027,0.322,0
CUST04028,0.0535,0
CUST04029,0.4095,1
CUST04030,0.1614,0
CUST04031,0.3672,0
CUST04032,0.9411,1
CUST04033,0.8632,1
CUST04034,0.4542,1
CUST04035,0.9513,1
CUST04036,0.538,1
CUST04037,0.68,1
CUST04038,0.8727,0
CUST04039,0.0176,0
CUST04040,0.1967,0
CUST04041,0.0598,0
CUST04042,0.2385,0
CUST04043,0.1932,1
CUST04044,0.1065,0
CUST04045,0.0059,0
CUST04046,0.0021,0
CUST04047,0.0045,0
CUST04048,0.431,0
CUST04049,0.0193,0
CUST04050,0.0796,0
CUST04051,0.1129,0
CUST04052,0.5153,0
CUST04053,0.0415,0
CUST04054,0.0023,0
CUST04055,0.7068,1
CUST04056,0.0067,0
CUST04057,0.0256,0
CUST04058,0.0021,0
CUST04059,0.3546,0
CUST04060,0.5626,0
CUST04061,0.0071,0
CUST04062,0.0041,0
CUST04063,0.2283,0
CUST04064,0.6062,0
CUST04065,0.0079,0
CUST04066,0.1938,0
CUST04067,0.1178,0
CUST04068,0.3012,0
CUST04069,0.0022,0
CUST04070,0.1988,0
CUST04071,0.378,1
CUST04072,0.3721,0
CUST04073,0.3315,0
CUST04074,0.8125,0
CUST04075,0.1136,0
CUST04076,0.0203,0
CUST04077,0.0027,0
CUST04078,0.6643,0
CUST04079,0.7718,1
CUST04080,0.1099,0
CUST04081,0.0481,0
CUST04082,0.7602,1
CUST04083,0.6296,1
CUST04084,0.471,0
CUST04085,0.1264,0
CUST04086,0.7961,1
CUST04087,0.3729,0
CUST04088,0.0025,0
CUST04089,0.8299,1
CUST04090,0.2377,0
CUST04091,0.1518,1
CUST04092,0.5704,1
CUST04093,0.0046,0
CUST04094,0.7962,1
CUST04095,0.0025,0
CUST04096,0.5769,0
CUST04097,0.3769,1
CUST04098,0.0566,0
CUST04099,0.704,1
CUST04100,0.1591,0
CUST04101,0.0024,0
CUST04102,0.2985,0
CUST04103,0.0081,0
CUST04104,0.0209,0
CUST04105,0.5488,0
CUST04106,0.0051,0
CUST04107,0.729,1
CUST04108,0.0028,0
CUST04109,0.4189,0
CUST04110,0.2129,0
CUST04111,0.0029,0
CUST04112,0.5272,1
CUST04113,0.1326,0
CUST04114,0.1558,0
CUST04115,0.0137,0
CUST04116,0.6251,1
CUST04117,0.0035,0
CUST04118,0.0236,0
CUST04119,0.0027,0
CUST04120,0.0129,0
CUST04121,0.1975,0
CUST04122,0.2582,0
CUST04123,0.7733,0
CUST04124,0.2685,1
CUST04125,0.1337,0
CUST04126,0.0708,0
CUST04127,0.0052,0
CUST04128,0.6382,0
CUST04129,0.5155,0
CUST04130,0.0125,0
CUST04131,0.0151,0
CUST04132,0.1007,0
CUST04133,0.2617,1
CUST04134,0.0018,0
CUST04135,0.0035,0
CUST04136,0.0039,0
CUST04137,0.5464,0
CUST04138,0.8144,1
CUST04139,0.7537,1
CUST04140,0.0243,0
CUST04141,0.7412,1
CUST04142,0.0034,0
CUST04143,0.2078,0
CUST04144,0.1828,0
CUST04145,0.0127,0
CUST04146,0.0189,0
CUST04147,0.4107,1
CUST04148,0.1542,0
CUST04149,0.2985,1
CUST04150,0.3208,0
CUST04151,0.8266,1
CUST04152,0.0183,0
CUST04153,0.1892,0
CUST04154,0.7031,1
CUST04155,0.005,0
CUST04156,0.5543,0
CUST04157,0.091,0
CUST04158,0.0043,0
CUST04159,0.0033,0
CUST04160,0.3862,0
CUST04161,0.5308,0
CUST04162,0.2639,0
CUST04163,0.0176,0
CUST04164,0.3789,1
CUST04165,0.227,0
CUST04166,0.7626,1
CUST04167,0.0096,0
CUST04168,0.0026,0
CUST04169,0.6492,1
CUST04170,0.4541,1
CUST04171,0.1516,1
CUST04172,0.0051,0
CUST04173,0.626,1
CUST04174,0.0172,0
CUST04175,0.0166,0
CUST04176,0.002,0
CUST04177,0.0041,0
CUST04178,0.1211,0
CUST04179,0.0997,1
CUST04180,0.0046,0
CUST04181,0.5129,1
CUST04182,0.0028,0
CUST04183,0.9252,1
CUST04184,0.0018,0
CUST04185,0.5572,1
CUST04186,0.003,0
CUST04187,0.2331,0
CUST04188,0.3842,0
CUST04189,0.9385,1
CUST04190,0.5548,1
CUST04191,0.0029,0
CUST04192,0.1052,0
CUST04193,0.068,0
CUST04194,0.8115,1
CUST04195,0.0046,0
CUST04196,0.0175,0
CUST04197,0.0153,0
CUST04198,0.1577,0
CUST04199,0.9057,1
CUST04200,0.0117,0
CUST04201,0.0237,0
CUST04202,0.0027,0
CUST04203,0.0263,0
CUST04204,0.0568,0
CUST04205,0.4464,1
CUST04206,0.3046,1
CUST04207,0.6578,1
CUST04208,0.8604,1
CUST04209,0.0029,0
CUST04210,0.0145,0
CUST04211,0.0865,0
CUST04212,0.0062,0
CUST04213,0.0582,0
CUST04214,0.5621,1
CUST04215,0.0024,0
CUST04216,0.0017,0
CUST04217,0.5503,1
CUST04218,0.0035,0
CUST04219,0.0026,0
CUST04220,0.9502,1
CUST04221,0.0153,0
CUST04222,0.8487,1
CUST04223,0.3923,0
CUST04224,0.6542,1
CUST04225,0.316,0
CUST04226,0.2615,0
CUST04227,0.787,1
CUST04228,0.184,0
CUST04229,0.0127,0
CUST04230,0.0032,0
CUST04231,0.0164,0
CUST04232,0.0102,0
CUST04233,0.2466,0
CUST04234,0.1678,0
CUST04235,0.5113,0
CUST04236,0.0095,0
CUST04237,0.0075,0
CUST04238,0.692,1
CUST04239,0.7143,1
CUST04240,0.1758,0
CUST04241,0.0208,0
CUST04242,0.8242,1
CUST04243,0.7294,1
CUST04244,0.1591,0
CUST04245,0.0587,0
CUST04246,0.8295,1
CUST04247,0.0036,0
CUST04248,0.002,0
CUST04249,0.0083,0
CUST04250,0.0908,0
CUST04251,0.017,0
CUST04252,0.0331,0
CUST04253,0.0045,0
CUST04254,0.0703,0
CUST04255,0.439,1
CUST04256,0.8463,1
CUST04257,0.0204,0
CUST04258,0.6355,0
CUST04259,0.6394,1
CUST04260,0.5295,0
CUST04261,0.3823,0
CUST04262,0.4935,1
CUST04263,0.0584,0
CUST04264,0.0034,0
CUST04265,0.0213,0
CUST04266,0.1216,0
CUST04267,0.7781,1
CUST04268,0.4594,1
CUST04269,0.9409,1
CUST04270,0.0025,0
CUST04271,0.1899,0
CUST04272,0.0107,0
CUST04273,0.0037,0
CUST04274,0.1069,0
CUST04275,0.0038,0
CUST04276,0.3134,0
CUST04277,0.1433,0
CUST04278,0.002,0
CUST04279,0.0112,0
CUST04280,0.0022,0
CUST04281,0.4008,0
CUST04282,0.0036,0
CUST04283,0.3941,1
CUST04284,0.4588,1
CUST04285,0.0038,0
CUST04286,0.0661,0
CUST04287,0.0836,0
CUST04288,0.0084,0
CUST04289,0.0306,0
CUST04290,0.0476,0
CUST04291,0.368,0
CUST04292,0.3034,0
CUST04293,0.8491,1
CUST04294,0.7581,0
CUST04295,0.2117,0
CUST04296,0.0171,0
CUST04297,0.7854,1
CUST04298,0.0284,0
CUST04299,0.7991,1
CUST04300,0.5268,1
CUST04301,0.1238,1
CUST04302,0.1221,0
CUST04303,0.1938,0
CUST04304,0.0639,0
CUST04305,0.8555,1
CUST04306,0.0703,0
CUST04307,0.0051,0
CUST04308,0.8321,1
CUST04309,0.0177,0
CUST04310,0.0782,0
CUST04311,0.3089,0
CUST04312,0.067,0
CUST04313,0.0245,0
CUST04314,0.0029,0
CUST04315,0.7765,0
CUST04316,0.0158,0
CUST04317,0.003,0
CUST04318,0.716,1
CUST04319,0.4672,1
CUST04320,0.4838,0
CUST04321,0.5182,0
CUST04322,0.045,0
CUST04323,0.8035,1
CUST04324,0.0066,0
CUST04325,0.0027,0
CUST04326,0.6049,1
CUST04327,0.0664,0
CUST04328,0.4816,0
CUST04329,0.3456,0
CUST04330,0.0271,0
CUST04331,0.0053,0
CUST04332,0.0663,0
CUST04333,0.6889,1
CUST04334,0.0271,0
CUST04335,0.0043,0
CUST04336,0.1563,1
CUST04337,0.0405,0
CUST04338,0.8872,1
CUST04339,0.5284,1
CUST04340,0.004,0
CUST04341,0.0022,0
CUST04342,0.0024,0
CUST04343,0.0787,0
CUST04344,0.5122,0
CUST04345,0.0039,0
CUST04346,0.2475,0
CUST04347,0.0512,0
CUST04348,0.1191,0
CUST04349,0.8637,0
CUST04350,0.8512,1
CUST04351,0.0063,0
CUST04352,0.21,1
CUST04353,0.797,1
CUST04354,0.0809,0
CUST04355,0.701,1
CUST04356,0.0197,0
CUST04357,0.0301,0
CUST04358,0.0536,0
CUST04359,0.043,0
CUST04360,0.9457,1
CUST04361,0.0028,0
CUST04362,0.0031,0
CUST04363,0.4141,0
CUST04364,0.002,0
CUST04365,0.0564,0
CUST04366,0.8309,1
CUST04367,0.0329,0
CUST04368,0.005,0
CUST04369,0.0132,0
CUST04370,0.5806,0
CUST04371,0.7628,1
CUST04372,0.0954,0
CUST04373,0.0658,0
CUST04374,0.8329,1
CUST04375,0.7615,1
CUST04376,0.0018,0
CUST04377,0.3625,1
CUST04378,0.816,1
CUST04379,0.0033,0
CUST04380,0.8491,0
CUST04381,0.6911,1
CUST04382,0.8514,0
CUST04383,0.0143,0
CUST04384,0.7814,1
CUST04385,0.471,0
CUST04386,0.0135,0
CUST04387,0.0046,0
CUST04388,0.2118,1
CUST04389,0.0105,0
CUST04390,0.4749,0
CUST04391,0.0048,0
CUST04392,0.069,0
CUST04393,0.3887,1
CUST04394,0.3804,1
CUST04395,0.0908,0
CUST04396,0.1042,0
CUST04397,0.0087,0
CUST04398,0.1072,0
CUST04399,0.0019,0
CUST04400,0.0034,0
CUST04401,0.0078,0
CUST04402,0.0144,0
CUST04403,0.1257,0
CUST04404,0.4261,0
CUST04405,0.6993,1
CUST04406,0.4723,0
CUST04407,0.7827,1
CUST04408,0.006,0
CUST04409,0.0124,0
CUST04410,0.7138,1
CUST04411,0.7334,1
CUST04412,0.0026,0
CUST04413,0.5471,0
CUST04414,0.0231,0
CUST04415,0.0036,0
CUST04416,0.2492,0
CUST04417,0.0066,0
CUST04418,0.2012,1
CUST04419,0.0026,0
CUST04420,0.0854,1
CUST04421,0.4452,1
CUST04422,0.3223,1
CUST04423,0.0454,0
CUST04424,0.3806,0
CUST04425,0.0033,0
CUST04426,0.0074,0
CUST04427,0.0711,0
CUST04428,0.8304,1
CUST04429,0.0607,0
CUST04430,0.7763,1
CUST04431,0.0606,0
CUST04432,0.1169,0
CUST04433,0.2657,0
CUST04434,0.3672,0
CUST04435,0.4937,1
CUST04436,0.362,0
CUST04437,0.298,1
CUST04438,0.0179,0
CUST04439,0.5894,0
CUST04440,0.0019,0
CUST04441,0.4664,0
CUST04442,0.0064,0
CUST04443,0.8927,1
CUST04444,0.1174,0
CUST04445,0.0542,0
CUST04446,0.0343,0
CUST04447,0.496,0
CUST04448,0.878,1
CUST04449,0.0801,0
CUST04450,0.0082,0
CUST04451,0.5488,1
CUST04452,0.0018,0
CUST04453,0.4136,1
CUST04454,0.0432,0
CUST04455,0.6693,0
CUST04456,0.0108,0
CUST04457,0.8724,1
CUST04458,0.0922,0
CUST04459,0.4676,0
CUST04460,0.0502,0
CUST04461,0.0125,0
CUST04462,0.0208,0
CUST04463,0.1055,0
CUST04464,0.0209,0
CUST04465,0.8283,0
CUST04466,0.6187,0
CUST04467,0.5505,0
CUST04468,0.0059,0
CUST04469,0.0034,0
CUST04470,0.8643,1
CUST04471,0.0021,0
CUST04472,0.0026,0
CUST04473,0.0087,0
CUST04474,0.4064,0
CUST04475,0.0453,1
CUST04476,0.7806,0
CUST04477,0.0703,0
CUST04478,0.0564,0
CUST04479,0.5212,0
CUST04480,0.2909,0
CUST04481,0.0036,0
CUST04482,0.7468,0
CUST04483,0.879,1
CUST04484,0.0064,0
CUST04485,0.3853,0
CUST04486,0.7656,1
CUST04487,0.8305,1
CUST04488,0.0196,0
CUST04489,0.7064,1
CUST04490,0.0758,0
CUST04491,0.6561,1
CUST04492,0.0171,0
CUST04493,0.2754,1
CUST04494,0.1354,1
CUST04495,0.0877,0
CUST04496,0.0047,0
CUST04497,0.0999,1
CUST04498,0.6017,1
CUST04499,0.0079,0
CUST04500,0.3755,0
CUST04501,0.7409,1
CUST04502,0.0082,0
CUST04503,0.3623,1
CUST04504,0.766,1
CUST04505,0.1329,0
CUST04506,0.5348,1
CUST04507,0.2453,0
CUST04508,0.2205,0
CUST04509,0.0783,0
CUST04510,0.1111,0
CUST04511,0.1766,0
CUST04512,0.174,1
CUST04513,0.0038,0
CUST04514,0.2151,0
CUST04515,0.0042,0
CUST04516,0.1418,1
CUST04517,0.6887,1
CUST04518,0.4591,0
CUST04519,0.4873,1
CUST04520,0.0025,0
CUST04521,0.7178,1
CUST04522,0.8504,1
CUST04523,0.085,0
CUST04524,0.216,1
CUST04525,0.0095,0
CUST04526,0.5233,1
CUST04527,0.6638,1
CUST04528,0.0043,0
CUST04529,0.1373,0
CUST04530,0.3667,1
CUST04531,0.0082,0
CUST04532,0.3937,0
CUST04533,0.7384,1
CUST04534,0.9346,1
CUST04535,0.7781,0
CUST04536,0.0142,0
CUST04537,0.0178,0
CUST04538,0.0673,0
CUST04539,0.4303,0
CUST04540,0.7405,1
CUST04541,0.0069,0
CUST04542,0.7997,1
CUST04543,0.4809,1
CUST04544,0.8295,1
CUST04545,0.0024,0
CUST04546,0.0407,0
CUST04547,0.8951,1
CUST04548,0.648,1
CUST04549,0.0151,0
CUST04550,0.8456,0
CUST04551,0.1194,0
CUST04552,0.8176,1
CUST04553,0.1166,0
CUST04554,0.4042,0
CUST04555,0.0347,0
CUST04556,0.0021,0
CUST04557,0.2273,1
CUST04558,0.3579,0
CUST04559,0.4751,1
CUST04560,0.3157,0
CUST04561,0.0196,0
CUST04562,0.431,1
CUST04563,0.2296,0
CUST04564,0.801,1
CUST04565,0.4182,0
CUST04566,0.0332,0
CUST04567,0.0123,0
CUST04568,0.4201,1
CUST04569,0.127,0
CUST04570,0.0093,0
CUST04571,0.0629,0
CUST04572,0.1194,0
CUST04573,0.0018,0
CUST04574,0.0115,0
CUST04575,0.346,0
CUST04576,0.4969,0
CUST04577,0.0082,0
CUST04578,0.0029,0
CUST04579,0.0066,0
CUST04580,0.942,1
CUST04581,0.7385,1
CUST04582,0.0482,0
CUST04583,0.1731,0
CUST04584,0.2067,0
CUST04585,0.365,0
CUST04586,0.0158,0
CUST04587,0.0888,0
CUST04588,0.0071,0
CUST04589,0.0065,0
CUST04590,0.2119,0
CUST04591,0.8606,1
CUST04592,0.0067,0
CUST04593,0.0118,0
CUST04594,0.6122,0
CUST04595,0.6582,1
CUST04596,0.043,0
CUST04597,0.8492,0
CUST04598,0.4019,1
CUST04599,0.08,0
CUST04600,0.059,0
CUST04601,0.922,1
CUST04602,0.0019,0
CUST04603,0.0121,0
CUST04604,0.0048,0
CUST04605,0.0375,0
CUST04606,0.778,1
CUST04607,0.7181,1
CUST04608,0.0048,0
CUST04609,0.0037,0
CUST04610,0.0981,0
CUST04611,0.0772,0
CUST04612,0.0095,0
CUST04613,0.1234,0
CUST04614,0.8169,1
CUST04615,0.1125,1
CUST04616,0.1193,0
CUST04617,0.4568,0
CUST04618,0.1631,0
CUST04619,0.0024,0
CUST04620,0.3092,0
CUST04621,0.655,1
CUST04622,0.7902,0
CUST04623,0.0039,0
CUST04624,0.5297,1
CUST04625,0.7599,1
CUST04626,0.4099,1
CUST04627,0.446,0
CUST04628,0.0345,1
CUST04629,0.4654,1
CUST04630,0.1725,0
CUST04631,0.0138,0
CUST04632,0.0102,0
CUST04633,0.3912,1
CUST04634,0.2755,0
CUST04635,0.4931,1
CUST04636,0.4774,1
CUST04637,0.0024,0
CUST04638,0.5007,0
CUST04639,0.0043,0
CUST04640,0.4126,1
CUST04641,0.3877,0
CUST04642,0.0341,0
CUST04643,0.8456,1
CUST04644,0.0243,0
CUST04645,0.0024,0
CUST04646,0.0659,0
CUST04647,0.7388,1
CUST04648,0.047,0
CUST04649,0.7289,1
CUST04650,0.1164,0
CUST04651,0.0042,0
CUST04652,0.7639,1
CUST04653,0.7178,1
CUST04654,0.0788,0
CUST04655,0.2168,0
CUST04656,0.0242,0
CUST04657,0.4248,1
CUST04658,0.2672,0
CUST04659,0.0023,0
CUST04660,0.1491,0
CUST04661,0.0061,0
CUST04662,0.7928,1
CUST04663,0.0143,0
CUST04664,0.0947,0
CUST04665,0.407,1
CUST04666,0.0644,0
CUST04667,0.2257,0
CUST04668,0.2988,0
CUST04669,0.0125,0
CUST04670,0.0722,0
CUST04671,0.7002,1
CUST04672,0.058,0
CUST04673,0.0432,0
CUST04674,0.8738,1
CUST04675,0.1325,0
CUST04676,0.7261,1
CUST04677,0.049,0
CUST04678,0.117,0
CUST04679,0.0024,0
CUST04680,0.288,0
CUST04681,0.0975,1
CUST04682,0.6123,1
CUST04683,0.0023,0
CUST04684,0.0175,0
CUST04685,0.7064,1
CUST04686,0.0091,0
CUST04687,0.0092,0
CUST04688,0.0027,0
CUST04689,0.045,0
CUST04690,0.0052,0
CUST04691,0.7525,1
CUST04692,0.7313,0
CUST04693,0.0121,0
CUST04694,0.0055,0
CUST04695,0.0039,0
CUST04696,0.5622,1
CUST04697,0.5454,0
CUST04698,0.9206,1
CUST04699,0.3785,0
CUST04700,0.3555,0
CUST04701,0.0021,0
CUST04702,0.0622,0
CUST04703,0.0707,0
CUST04704,0.2082,1
CUST04705,0.8567,1
CUST04706,0.0054,0
CUST04707,0.0369,0
CUST04708,0.0123,0
CUST04709,0.1184,0
CUST04710,0.1732,0
CUST04711,0.0094,0
CUST04712,0.0247,0
CUST04713,0.0728,0
CUST04714,0.0039,0
CUST04715,0.5704,1
CUST04716,0.7545,1
CUST04717,0.8466,0
CUST04718,0.6896,0
CUST04719,0.0832,0
CUST04720,0.0932,0
CUST04721,0.1268,0
CUST04722,0.9186,1
CUST04723,0.5466,1
CUST04724,0.0959,0
CUST04725,0.0814,0
CUST04726,0.0021,0
CUST04727,0.0022,0
CUST04728,0.6438,1
CUST04729,0.0052,0
CUST04730,0.0066,0
CUST04731,0.069,0
CUST04732,0.0157,0
CUST04733,0.8714,1
CUST04734,0.8058,1
CUST04735,0.3371,0
CUST04736,0.3479,1
CUST04737,0.8203,1
CUST04738,0.0437,0
CUST04739,0.4496,1
CUST04740,0.366,0
CUST04741,0.4035,0
CUST04742,0.0025,0
CUST04743,0.8775,1
CUST04744,0.4397,0
CUST04745,0.5248,1
CUST04746,0.0116,0
CUST04747,0.0347,0
CUST04748,0.0328,0
CUST04749,0.0018,0
CUST04750,0.9408,1
CUST04751,0.0022,0
CUST04752,0.6518,0
CUST04753,0.1779,1
CUST04754,0.0098,0
CUST04755,0.0039,0
CUST04756,0.0017,0
CUST04757,0.0035,0
CUST04758,0.6462,0
CUST04759,0.004,0
CUST04760,0.002,0
CUST04761,0.6144,0
CUST04762,0.1095,0
CUST04763,0.0221,0
CUST04764,0.0234,0
CUST04765,0.7004,1
CUST04766,0.3938,0
CUST04767,0.3206,0
CUST04768,0.5086,0
CUST04769,0.0138,0
CUST04770,0.3987,1
CUST04771,0.1398,0
CUST04772,0.3589,0
CUST04773,0.1267,0
CUST04774,0.0021,0
CUST04775,0.0099,0
CUST04776,0.0081,0
CUST04777,0.1019,0
CUST04778,0.7287,1
CUST04779,0.3385,0
CUST04780,0.0018,0
CUST04781,0.0273,0
CUST04782,0.0199,0
CUST04783,0.1685,0
CUST04784,0.2649,1
CUST04785,0.0028,0
CUST04786,0.245,0
CUST04787,0.9199,1
CUST04788,0.1713,0
CUST04789,0.0518,0
CUST04790,0.37,0
CUST04791,0.031,0
CUST04792,0.0269,0
CUST04793,0.5193,0
CUST04794,0.7333,0
CUST04795,0.0134,0
CUST04796,0.0022,0
CUST04797,0.7961,1
CUST04798,0.0033,0
CUST04799,0.7091,1
CUST04800,0.2411,0
CUST04801,0.3887,0
CUST04802,0.0842,0
CUST04803,0.2897,1
CUST04804,0.8945,1
CUST04805,0.2822,0
CUST04806,0.012,0
CUST04807,0.2145,1
CUST04808,0.028,0
CUST04809,0.4099,0
CUST04810,0.2644,0
CUST04811,0.4534,0
CUST04812,0.2255,1
CUST04813,0.319,0
CUST04814,0.0111,0
CUST04815,0.1061,1
CUST04816,0.0031,0
CUST04817,0.0053,0
CUST04818,0.0654,0
CUST04819,0.0867,0
CUST04820,0.1456,0
CUST04821,0.0027,0
CUST04822,0.0133,0
CUST04823,0.0038,0
CUST04824,0.0147,0
CUST04825,0.9116,1
CUST04826,0.0048,0
CUST04827,0.0056,0
CUST04828,0.0017,0
CUST04829,0.0054,0
CUST04830,0.0057,0
CUST04831,0.3869,1
CUST04832,0.0042,0
CUST04833,0.5376,0
CUST04834,0.0021,0
CUST04835,0.7187,1
CUST04836,0.0119,0
CUST04837,0.0022,0
CUST04838,0.0032,0
CUST04839,0.0073,0
CUST04840,0.0124,0
CUST04841,0.0109,0
CUST04842,0.0256,0
CUST04843,0.0216,0
CUST04844,0.4107,0
CUST04845,0.3179,0
CUST04846,0.5444,0
CUST04847,0.9439,1
CUST04848,0.049,0
CUST04849,0.0165,0
CUST04850,0.0031,0
CUST04851,0.0298,0
CUST04852,0.0674,0
CUST04853,0.0953,0
CUST04854,0.1099,1
CUST04855,0.0111,0
CUST04856,0.324,1
CUST04857,0.0065,0
CUST04858,0.8677,1
CUST04859,0.2113,1
CUST04860,0.005,0
CUST04861,0.8337,1
CUST04862,0.0501,0
CUST04863,0.7754,1
CUST04864,0.1525,0
CUST04865,0.4857,1
CUST04866,0.0061,0
CUST04867,0.6362,1
CUST04868,0.3593,1
CUST04869,0.7198,1
CUST04870,0.7242,0
CUST04871,0.8849,1
CUST04872,0.2322,0
CUST04873,0.002,0
CUST04874,0.8494,1
CUST04875,0.002,0
CUST04876,0.318,0
CUST04877,0.8367,1
CUST04878,0.0036,0
CUST04879,0.2742,0
CUST04880,0.309,1
CUST04881,0.0042,0
CUST04882,0.0019,0
CUST04883,0.6069,1
CUST04884,0.002,0
CUST04885,0.0245,0
CUST04886,0.0474,0
CUST04887,0.0022,0
CUST04888,0.844,1
CUST04889,0.0208,0
CUST04890,0.8356,1
CUST04891,0.0019,0
CUST04892,0.0027,0
CUST04893,0.688,1
CUST04894,0.4602,1
CUST04895,0.0125,0
CUST04896,0.3426,0
CUST04897,0.6434,1
CUST04898,0.3381,0
CUST04899,0.7532,1
CUST04900,0.015,0
CUST04901,0.6881,1
CUST04902,0.0328,0
CUST04903,0.7441,1
CUST04904,0.0236,0
CUST04905,0.8312,1
CUST04906,0.0985,0
CUST04907,0.0526,0
CUST04908,0.0055,0
CUST04909,0.0023,0
CUST04910,0.0023,0
CUST04911,0.0831,0
CUST04912,0.8575,1
CUST04913,0.9148,1
CUST04914,0.0173,0
CUST04915,0.586,0
CUST04916,0.0075,0
CUST04917,0.7385,1
CUST04918,0.3187,0
CUST04919,0.5047,0
CUST04920,0.8882,1
CUST04921,0.1725,0
CUST04922,0.0534,0
CUST04923,0.8764,1
CUST04924,0.7984,1
CUST04925,0.0021,0
CUST04926,0.813,1
CUST04927,0.8613,1
CUST04928,0.0122,0
CUST04929,0.0241,0
CUST04930,0.1693,0
CUST04931,0.5877,1
CUST04932,0.0051,0
CUST04933,0.0021,0
CUST04934,0.2799,0
CUST04935,0.7933,0
CUST04936,0.6673,0
CUST04937,0.7006,0
CUST04938,0.0033,0
CUST04939,0.8927,1
CUST04940,0.5476,1
CUST04941,0.2618,1
CUST04942,0.0071,0
CUST04943,0.0065,0
CUST04944,0.3563,0
CUST04945,0.0046,0
CUST04946,0.0117,0
CUST04947,0.0025,0
CUST04948,0.0418,0
CUST04949,0.126,0
CUST04950,0.0052,0
CUST04951,0.019,0
CUST04952,0.0065,0
CUST04953,0.1473,0
CUST04954,0.1853,0
CUST04955,0.0319,0
CUST04956,0.0046,0
CUST04957,0.0158,0
CUST04958,0.802,1
CUST04959,0.0045,0
CUST04960,0.0027,0
CUST04961,0.0677,0
CUST04962,0.0261,0
CUST04963,0.4396,1
CUST04964,0.0084,0
CUST04965,0.0046,0
CUST04966,0.7757,1
CUST04967,0.0899,0
CUST04968,0.8423,1
CUST04969,0.3415,0
CUST04970,0.002,0
CUST04971,0.791,1
CUST04972,0.0205,0
CUST04973,0.0164,0
CUST04974,0.8864,1
CUST04975,0.0021,0
CUST04976,0.3296,0
CUST04977,0.8909,1
CUST04978,0.0024,0
CUST04979,0.0943,0
CUST04980,0.5834,1
CUST04981,0.0254,0
CUST04982,0.3903,0
CUST04983,0.0034,0
CUST04984,0.0943,0
CUST04985,0.0022,0
CUST04986,0.8794,1
CUST04987,0.704,1
CUST04988,0.0044,0
CUST04989,0.0865,0
CUST04990,0.8392,1
CUST04991,0.8755,1
CUST04992,0.7593,1
CUST04993,0.0732,0
CUST04994,0.0172,0
CUST04995,0.2051,0
CUST04996,0.165,0
CUST04997,0.0017,0
CUST04998,0.0629,0
CUST04999,0.3871,1
CUST05000,0.4912,1
CUST05001,0.93,1
CUST05002,0.0243,0
CUST05003,0.7154,1
CUST05004,0.8971,1
CUST05005,0.0115,0
CUST05006,0.0033,0
CUST05007,0.5008,0
CUST05008,0.4456,1
CUST05009,0.0018,0
CUST05010,0.4341,0
CUST05011,0.048,0
CUST05012,0.0043,0
CUST05013,0.7485,1
CUST05014,0.6023,1
CUST05015,0.0115,0
CUST05016,0.0027,0
CUST05017,0.3464,0
CUST05018,0.0019,0
CUST05019,0.0445,0
CUST05020,0.003,0
CUST05021,0.0016,0
CUST05022,0.0017,0
CUST05023,0.85,1
CUST05024,0.0031,0
CUST05025,0.0065,0
CUST05026,0.7866,1
CUST05027,0.0027,0
CUST05028,0.2457,0
CUST05029,0.7502,1
CUST05030,0.746,0
CUST05031,0.0253,0
CUST05032,0.1527,0
CUST05033,0.0019,0
CUST05034,0.1878,0
CUST05035,0.0029,0
CUST05036,0.0041,0
CUST05037,0.0023,0
CUST05038,0.0068,0
CUST05039,0.0154,0
CUST05040,0.8679,1
CUST05041,0.7172,1
CUST05042,0.0658,0
CUST05043,0.0685,0
CUST05044,0.1807,0
CUST05045,0.4261,1
CUST05046,0.2096,0
CUST05047,0.1802,1
CUST05048,0.008,0
CUST05049,0.0172,0
CUST05050,0.8498,0
CUST05051,0.0044,0
CUST05052,0.0023,0
CUST05053,0.4543,1
CUST05054,0.0586,0
CUST05055,0.0019,0
CUST05056,0.8567,1
CUST05057,0.1109,0
CUST05058,0.0023,0
CUST05059,0.5027,1
CUST05060,0.5112,1
CUST05061,0.0043,0
CUST05062,0.853,1
CUST05063,0.0101,0
CUST05064,0.002,0
CUST05065,0.0812,0
CUST05066,0.1079,1
CUST05067,0.8131,1
CUST05068,0.0098,0
CUST05069,0.0192,0
CUST05070,0.0021,0
CUST05071,0.142,0
CUST05072,0.0089,0
CUST05073,0.0019,0
CUST05074,0.0039,0
CUST05075,0.9155,1
CUST05076,0.0031,0
CUST05077,0.1967,0
CUST05078,0.3403,0
CUST05079,0.6143,1
CUST05080,0.4033,1
CUST05081,0.4366,0
CUST05082,0.2736,0
CUST05083,0.0221,0
CUST05084,0.1183,0
CUST05085,0.7619,1
CUST05086,0.3986,0
CUST05087,0.6015,1
CUST05088,0.9516,1
CUST05089,0.5718,0
CUST05090,0.1441,0
CUST05091,0.8814,1
CUST05092,0.4785,0
CUST05093,0.8667,0
CUST05094,0.8085,1
CUST05095,0.1215,1
CUST05096,0.5252,1
CUST05097,0.4427,0
CUST05098,0.8754,1
CUST05099,0.3132,0
CUST05100,0.8174,1
CUST05101,0.0053,0
CUST05102,0.5253,1
CUST05103,0.9297,1
CUST05104,0.5742,1
CUST05105,0.2848,0
CUST05106,0.0404,0
CUST05107,0.7242,1
CUST05108,0.8453,0
CUST05109,0.0033,0
CUST05110,0.0384,0
CUST05111,0.5499,1
CUST05112,0.0046,0
CUST05113,0.2377,0
CUST05114,0.0053,0
CUST05115,0.1068,0
CUST05116,0.7111,1
CUST05117,0.2839,1
CUST05118,0.3717,0
CUST05119,0.059,0
CUST05120,0.058,0
CUST05121,0.7687,1
CUST05122,0.3983,0
CUST05123,0.0029,0
CUST05124,0.0156,0
CUST05125,0.248,0
CUST05126,0.0067,0
CUST05127,0.183,0
CUST05128,0.8272,1
CUST05129,0.8675,1
CUST05130,0.0098,0
CUST05131,0.1472,0
CUST05132,0.701,0
CUST05133,0.2567,1
CUST05134,0.5298,0
CUST05135,0.0534,1
CUST05136,0.028,0
CUST05137,0.1816,0
CUST05138,0.0078,0
CUST05139,0.0023,0
CUST05140,0.023,0
CUST05141,0.033,0
CUST05142,0.1056,0
CUST05143,0.0269,0
CUST05144,0.0017,0
CUST05145,0.5192,1
CUST05146,0.0755,0
CUST05147,0.1608,0
CUST05148,0.0031,0
CUST05149,0.0237,0
CUST05150,0.0027,0
CUST05151,0.0517,0
CUST05152,0.0372,0
CUST05153,0.3408,0
CUST05154,0.0487,0
CUST05155,0.6123,1
CUST05156,0.0221,0
CUST05157,0.0189,0
CUST05158,0.9001,1
CUST05159,0.4084,0
CUST05160,0.6929,1
CUST05161,0.0723,0
CUST05162,0.0184,0
CUST05163,0.6372,1
CUST05164,0.0727,0
CUST05165,0.8194,0
CUST05166,0.7849,1
CUST05167,0.0428,0
CUST05168,0.0034,0
CUST05169,0.9051,1
CUST05170,0.0021,0
CUST05171,0.1632,0
CUST05172,0.0232,0
CUST05173,0.0038,0
CUST05174,0.3455,0
CUST05175,0.04,0
CUST05176,0.8667,1
CUST05177,0.3265,0
CUST05178,0.7637,1
CUST05179,0.1084,0
CUST05180,0.4558,1
CUST05181,0.0035,0
CUST05182,0.3649,0
CUST05183,0.0084,0
CUST05184,0.1504,0
CUST05185,0.0194,0
CUST05186,0.0811,0
CUST05187,0.3384,0
CUST05188,0.3004,0
CUST05189,0.8231,1
CUST05190,0.1415,0
CUST05191,0.0294,0
CUST05192,0.0348,0
CUST05193,0.0024,0
CUST05194,0.2179,0
CUST05195,0.8602,1
CUST05196,0.0361,0
CUST05197,0.0069,0
CUST05198,0.7641,1
CUST05199,0.0029,0
CUST05200,0.0086,0
CUST05201,0.7192,0
CUST05202,0.0063,0
CUST05203,0.7342,1
CUST05204,0.7537,1
CUST05205,0.4241,0
CUST05206,0.0268,0
CUST05207,0.782,1
CUST05208,0.3628,0
CUST05209,0.0324,0
CUST05210,0.0046,0
CUST05211,0.017,0
CUST05212,0.0036,0
CUST05213,0.0391,0
CUST05214,0.0435,0
CUST05215,0.3238,0
CUST05216,0.0051,0
CUST05217,0.477,1
CUST05218,0.4848,1
CUST05219,0.0284,0
CUST05220,0.2168,0
CUST05221,0.7389,0
CUST05222,0.3529,1
CUST05223,0.8192,1
CUST05224,0.329,0
CUST05225,0.3692,1
CUST05226,0.9494,1
CUST05227,0.0686,0
CUST05228,0.9006,1
CUST05229,0.4621,0
CUST05230,0.2476,0
CUST05231,0.4877,1
CUST05232,0.0346,0
CUST05233,0.153,0
CUST05234,0.6157,1
CUST05235,0.0548,0
CUST05236,0.1072,0
CUST05237,0.4187,1
CUST05238,0.0032,0
CUST05239,0.0054,0
CUST05240,0.0028,0
CUST05241,0.6399,1
CUST05242,0.002,0
CUST05243,0.3809,1
CUST05244,0.245,0
CUST05245,0.083,0
CUST05246,0.109,0
CUST05247,0.0087,0
CUST05248,0.0313,0
CUST05249,0.0024,0
CUST05250,0.0019,0
CUST05251,0.5618,0
CUST05252,0.934,1
CUST05253,0.7569,1
CUST05254,0.8995,1
CUST05255,0.2826,0
CUST05256,0.0069,0
CUST05257,0.0878,0
CUST05258,0.2946,1
CUST05259,0.8428,1
CUST05260,0.0134,0
CUST05261,0.3824,0
CUST05262,0.9508,1
CUST05263,0.1053,0
CUST05264,0.2988,0
CUST05265,0.3702,1
CUST05266,0.0031,0
CUST05267,0.0439,0
CUST05268,0.8912,1
CUST05269,0.0966,0
CUST05270,0.0378,0
CUST05271,0.0021,0
CUST05272,0.1611,1
CUST05273,0.6008,0
CUST05274,0.0862,0
CUST05275,0.0386,0
CUST05276,0.4413,1
CUST05277,0.5411,1
CUST05278,0.0021,0
CUST05279,0.043,0
CUST05280,0.0017,0
CUST05281,0.9325,1
CUST05282,0.317,1
CUST05283,0.8778,1
CUST05284,0.1155,0
CUST05285,0.5366,1
CUST05286,0.7522,1
CUST05287,0.003,0
CUST05288,0.0097,0
CUST05289,0.0122,0
CUST05290,0.4141,0
CUST05291,0.6589,1
CUST05292,0.0149,0
CUST05293,0.4152,0
CUST05294,0.2556,0
CUST05295,0.144,0
CUST05296,0.6315,1
CUST05297,0.5808,0
CUST05298,0.0091,0
CUST05299,0.5956,1
CUST05300,0.3886,0
CUST05301,0.3754,0
CUST05302,0.0611,0
CUST05303,0.2389,1
CUST05304,0.4623,0
CUST05305,0.8989,1
CUST05306,0.189,0
CUST05307,0.5789,1
CUST05308,0.4186,0
CUST05309,0.5168,1
CUST05310,0.8623,1
CUST05311,0.5666,1
CUST05312,0.2998,0
CUST05313,0.1117,0
CUST05314,0.6103,1
CUST05315,0.8715,1
CUST05316,0.1622,0
CUST05317,0.0093,0
CUST05318,0.0036,0
CUST05319,0.954,1
CUST05320,0.0032,0
CUST05321,0.9087,1
CUST05322,0.0054,0
CUST05323,0.2804,0
CUST05324,0.7379,1
CUST05325,0.097,0
CUST05326,0.6611,1
CUST05327,0.7377,0
CUST05328,0.7427,1
CUST05329,0.0799,0
CUST05330,0.8478,1
CUST05331,0.0137,0
CUST05332,0.2753,0
CUST05333,0.1209,1
CUST05334,0.0021,0
CUST05335,0.3886,1
CUST05336,0.1125,0
CUST05337,0.3885,1
CUST05338,0.087,0
CUST05339,0.9104,1
CUST05340,0.4004,1
CUST05341,0.1447,0
CUST05342,0.0094,0
CUST05343,0.0037,0
CUST05344,0.0035,0
CUST05345,0.0613,0
CUST05346,0.0905,0
CUST05347,0.1458,0
CUST05348,0.838,1
CUST05349,0.566,1
CUST05350,0.7401,1
CUST05351,0.1411,0
CUST05352,0.3472,0
CUST05353,0.0985,0
CUST05354,0.613,0
CUST05355,0.139,0
CUST05356,0.1049,0
CUST05357,0.0066,0
CUST05358,0.0023,0
CUST05359,0.0032,0
CUST05360,0.243,0
CUST05361,0.0645,0
CUST05362,0.2656,1
CUST05363,0.9472,1
CUST05364,0.3302,1
CUST05365,0.0022,0
CUST05366,0.0043,0
CUST05367,0.0094,0
CUST05368,0.838,0
CUST05369,0.2115,0
CUST05370,0.0154,0
CUST05371,0.3888,1
CUST05372,0.8087,1
CUST05373,0.3927,0
CUST05374,0.0046,0
CUST05375,0.1013,0
CUST05376,0.0022,0
CUST05377,0.5068,1
CUST05378,0.6189,0
CUST05379,0.1115,0
CUST05380,0.0069,0
CUST05381,0.0686,0
CUST05382,0.119,0
CUST05383,0.3996,0
CUST05384,0.0225,0
CUST05385,0.0052,0
CUST05386,0.3625,0
CUST05387,0.2825,0
CUST05388,0.0196,0
CUST05389,0.0036,0
CUST05390,0.1407,0
CUST05391,0.6919,0
CUST05392,0.2409,0
CUST05393,0.3747,1
CUST05394,0.4358,0
CUST05395,0.3466,0
CUST05396,0.0502,0
CUST05397,0.552,0
CUST05398,0.0034,0
CUST05399,0.3853,1
CUST05400,0.8666,1
CUST05401,0.9486,1
CUST05402,0.0275,0
CUST05403,0.1047,0
CUST05404,0.39,0
CUST05405,0.8855,1
CUST05406,0.1593,0
CUST05407,0.0462,0
CUST05408,0.0035,0
CUST05409,0.1392,0
CUST05410,0.0068,0
CUST05411,0.0294,0
CUST05412,0.0072,0
CUST05413,0.0021,0
CUST05414,0.0099,0
CUST05415,0.3836,0
CUST05416,0.8182,1
CUST05417,0.4005,1
CUST05418,0.5313,1
CUST05419,0.0025,0
CUST05420,0.0258,0
CUST05421,0.0268,0
CUST05422,0.6431,0
CUST05423,0.2263,0
CUST05424,0.0068,0
CUST05425,0.6768,1
CUST05426,0.0033,0
CUST05427,0.5866,0
CUST05428,0.6457,0
CUST05429,0.2185,0
CUST05430,0.7601,1
CUST05431,0.0962,0
CUST05432,0.1285,0
CUST05433,0.0106,0
CUST05434,0.012,0
CUST05435,0.4063,1
CUST05436,0.0035,0
CUST05437,0.0041,0
CUST05438,0.0028,0
CUST05439,0.0103,0
CUST05440,0.2045,0
CUST05441,0.0455,0
CUST05442,0.469,0
CUST05443,0.3922,0
CUST05444,0.0027,0
CUST05445,0.1109,0
CUST05446,0.004,0
CUST05447,0.4888,0
CUST05448,0.2107,0
CUST05449,0.7076,1
CUST05450,0.0652,0
CUST05451,0.5016,0
CUST05452,0.0831,0
CUST05453,0.0019,0
CUST05454,0.0033,0
CUST05455,0.2081,0
CUST05456,0.663,1
CUST05457,0.0116,0
CUST05458,0.0073,0
CUST05459,0.1377,0
CUST05460,0.72,1
CUST05461,0.5583,1
CUST05462,0.735,0
CUST05463,0.1184,0
CUST05464,0.0468,0
CUST05465,0.0039,0
CUST05466,0.3389,1
CUST05467,0.8534,1
CUST05468,0.7399,1
CUST05469,0.0128,0
CUST05470,0.0035,0
CUST05471,0.9549,1
CUST05472,0.1545,0
CUST05473,0.6913,0
CUST05474,0.0025,0
CUST05475,0.0024,0
CUST05476,0.1353,0
CUST05477,0.0028,0
CUST05478,0.0046,0
CUST05479,0.0026,0
CUST05480,0.0877,0
CUST05481,0.0421,0
CUST05482,0.2857,0
CUST05483,0.0057,0
CUST05484,0.0713,0
CUST05485,0.0783,0
CUST05486,0.0029,0
CUST05487,0.0025,0
CUST05488,0.2027,0
CUST05489,0.0029,0
CUST05490,0.817,0
CUST05491,0.0077,0
CUST05492,0.1145,0
CUST05493,0.6933,1
CUST05494,0.4851,0
CUST05495,0.1533,0
CUST05496,0.0032,0
CUST05497,0.8985,1
CUST05498,0.9011,1
CUST05499,0.4764,0
CUST05500,0.1989,0
CUST05501,0.0637,0
CUST05502,0.7761,0
CUST05503,0.8282,1
CUST05504,0.4755,1
CUST05505,0.0252,0
CUST05506,0.1839,1
CUST05507,0.1104,0
CUST05508,0.006,0
CUST05509,0.3326,0
CUST05510,0.8777,1
CUST05511,0.0263,0
CUST05512,0.2896,0
CUST05513,0.2933,1
CUST05514,0.7357,0
CUST05515,0.0222,0
CUST05516,0.6235,1
CUST05517,0.0292,0
CUST05518,0.0047,0
CUST05519,0.2157,1
CUST05520,0.0186,0
CUST05521,0.0073,0
CUST05522,0.6053,0
CUST05523,0.5202,1
CUST05524,0.1741,0
CUST05525,0.6427,1
CUST05526,0.0025,0
CUST05527,0.003,0
CUST05528,0.0759,0
CUST05529,0.5818,0
CUST05530,0.0162,0
CUST05531,0.0589,0
CUST05532,0.8942,1
CUST05533,0.9453,1
CUST05534,0.1533,0
CUST05535,0.5639,1
CUST05536,0.1416,0
CUST05537,0.0033,0
CUST05538,0.6675,1
CUST05539,0.0078,0
CUST05540,0.0028,0
CUST05541,0.4345,1
CUST05542,0.0023,0
CUST05543,0.127,0
CUST05544,0.0034,0
CUST05545,0.0322,0
CUST05546,0.0027,0
CUST05547,0.0568,0
CUST05548,0.0021,0
CUST05549,0.1135,0
CUST05550,0.9474,1
CUST05551,0.749,1
CUST05552,0.0699,0
CUST05553,0.8112,1
CUST05554,0.0765,0
CUST05555,0.0022,0
CUST05556,0.8456,0
CUST05557,0.3614,0
CUST05558,0.3474,1
CUST05559,0.0018,0
CUST05560,0.0032,0
CUST05561,0.0032,0
CUST05562,0.0059,0
CUST05563,0.1237,0
CUST05564,0.1046,0
CUST05565,0.0036,0
CUST05566,0.7324,1
CUST05567,0.0049,0
CUST05568,0.0025,0
CUST05569,0.0017,0
CUST05570,0.0017,0
CUST05571,0.0026,0
CUST05572,0.0091,0
CUST05573,0.8961,1
CUST05574,0.0307,0
CUST05575,0.0018,0
CUST05576,0.0906,0
CUST05577,0.0038,0
CUST05578,0.2124,1
CUST05579,0.4338,1
CUST05580,0.788,1
CUST05581,0.6391,0
CUST05582,0.4835,0
CUST05583,0.2122,0
CUST05584,0.4978,1
CUST05585,0.5455,1
CUST05586,0.0121,0
CUST05587,0.4429,0
CUST05588,0.0157,0
CUST05589,0.0135,0
CUST05590,0.8751,1
CUST05591,0.9462,1
CUST05592,0.8243,1
CUST05593,0.1402,0
CUST05594,0.0866,0
CUST05595,0.2821,0
CUST05596,0.3348,0
CUST05597,0.8004,0
CUST05598,0.0115,0
CUST05599,0.0457,0
CUST05600,0.0036,0
CUST05601,0.6813,0
CUST05602,0.5917,0
CUST05603,0.4118,1
CUST05604,0.097,0
CUST05605,0.1657,0
CUST05606,0.0925,0
CUST05607,0.0029,0
CUST05608,0.0201,0
CUST05609,0.0158,0
CUST05610,0.0963,1
CUST05611,0.3869,0
CUST05612,0.7228,1
CUST05613,0.0376,0
CUST05614,0.7448,1
CUST05615,0.6414,1
CUST05616,0.194,1
CUST05617,0.8356,1
CUST05618,0.0388,0
CUST05619,0.0073,0
CUST05620,0.0272,0
CUST05621,0.2847,1
CUST05622,0.4822,1
CUST05623,0.0419,0
CUST05624,0.1268,0
CUST05625,0.8441,1
CUST05626,0.4124,0
CUST05627,0.0588,0
CUST05628,0.8812,1
CUST05629,0.0355,1
CUST05630,0.0069,0
CUST05631,0.5858,0
CUST05632,0.0276,0
CUST05633,0.9468,1
CUST05634,0.9433,1
CUST05635,0.7315,1
CUST05636,0.804,0
CUST05637,0.9535,1
CUST05638,0.1891,1
CUST05639,0.0258,0
CUST05640,0.7783,1
CUST05641,0.8348,0
CUST05642,0.0032,0
CUST05643,0.0153,0
CUST05644,0.002,0
CUST05645,0.2581,0
CUST05646,0.0827,0
CUST05647,0.0038,0
CUST05648,0.667,0
CUST05649,0.3815,0
CUST05650,0.6572,1
CUST05651,0.4446,1
CUST05652,0.7774,1
CUST05653,0.1708,0
CUST05654,0.0678,0
CUST05655,0.416,0
CUST05656,0.0093,0
CUST05657,0.1431,0
CUST05658,0.6991,1
CUST05659,0.0047,0
CUST05660,0.0161,0
CUST05661,0.8612,1
CUST05662,0.7439,0
CUST05663,0.244,0
CUST05664,0.3864,0
CUST05665,0.0353,0
CUST05666,0.0526,0
CUST05667,0.0019,0
CUST05668,0.0023,0
CUST05669,0.5652,1
CUST05670,0.0468,0
CUST05671,0.2156,0
CUST05672,0.2559,1
CUST05673,0.4253,0
CUST05674,0.1345,1
CUST05675,0.6276,1
CUST05676,0.0835,0
CUST05677,0.0017,0
CUST05678,0.3527,0
CUST05679,0.3926,0
CUST05680,0.1336,1
CUST05681,0.5845,1
CUST05682,0.7207,1
CUST05683,0.0175,0
CUST05684,0.0024,0
CUST05685,0.002,0
CUST05686,0.8578,0
CUST05687,0.0025,0
CUST05688,0.9123,1
CUST05689,0.7368,0
CUST05690,0.293,0
CUST05691,0.4102,0
CUST05692,0.6406,1
CUST05693,0.928,1
CUST05694,0.0027,0
CUST05695,0.0182,0
CUST05696,0.9421,1
CUST05697,0.0054,0
CUST05698,0.0032,0
CUST05699,0.8968,1
CUST05700,0.0612,0
CUST05701,0.5111,0
CUST05702,0.003,0
CUST05703,0.6536,1
CUST05704,0.2744,0
CUST05705,0.4542,1
CUST05706,0.1332,0
CUST05707,0.1066,0
CUST05708,0.5546,1
CUST05709,0.8368,1
CUST05710,0.6477,1
CUST05711,0.7581,1
CUST05712,0.7123,1
CUST05713,0.713,0
CUST05714,0.1071,0
CUST05715,0.0408,0
CUST05716,0.0025,0
CUST05717,0.0142,0
CUST05718,0.2823,0
CUST05719,0.0288,0
CUST05720,0.0034,0
CUST05721,0.0607,0
CUST05722,0.7101,0
CUST05723,0.5937,0
CUST05724,0.0234,0
CUST05725,0.0051,0
CUST05726,0.1301,1
CUST05727,0.9569,1
CUST05728,0.7384,1
CUST05729,0.0034,0
CUST05730,0.0991,0
CUST05731,0.0045,0
CUST05732,0.0078,0
CUST05733,0.0334,0
CUST05734,0.0022,0
CUST05735,0.346,1
CUST05736,0.3933,0
CUST05737,0.0363,0
CUST05738,0.4348,1
CUST05739,0.1028,0
CUST05740,0.4297,1
CUST05741,0.1212,0
CUST05742,0.0411,0
CUST05743,0.3502,0
CUST05744,0.0299,0
CUST05745,0.3588,0
CUST05746,0.0031,0
CUST05747,0.0096,0
CUST05748,0.5427,1
CUST05749,0.1379,1
CUST05750,0.4689,0
CUST05751,0.0323,0
CUST05752,0.7042,1
CUST05753,0.874,1
CUST05754,0.1666,0
CUST05755,0.5893,0
CUST05756,0.3768,0
CUST05757,0.039,0
CUST05758,0.0055,0
CUST05759,0.0309,0
CUST05760,0.2094,0
CUST05761,0.2024,0
CUST05762,0.1382,0
CUST05763,0.004,0
CUST05764,0.009,0
CUST05765,0.0089,0
CUST05766,0.0029,0
CUST05767,0.9174,1
CUST05768,0.0069,0
CUST05769,0.4224,0
CUST05770,0.6139,1
CUST05771,0.1329,0
CUST05772,0.0549,0
CUST05773,0.8562,1
CUST05774,0.1377,0
CUST05775,0.0049,0
CUST05776,0.9024,1
CUST05777,0.0554,0
CUST05778,0.7149,1
CUST05779,0.7707,0
CUST05780,0.7295,1
CUST05781,0.0019,0
CUST05782,0.4009,1
CUST05783,0.0043,0
CUST05784,0.041,0
CUST05785,0.3334,0
CUST05786,0.027,0
CUST05787,0.9121,1
CUST05788,0.4015,0
CUST05789,0.0084,0
CUST05790,0.0025,0
CUST05791,0.0847,0
CUST05792,0.0232,0
CUST05793,0.9418,1
CUST05794,0.0144,0
CUST05795,0.6917,0
CUST05796,0.08,0
CUST05797,0.8722,1
CUST05798,0.2236,0
CUST05799,0.0066,0
CUST05800,0.9412,1
CUST05801,0.4021,1
CUST05802,0.9609,1
CUST05803,0.0024,0
CUST05804,0.3012,1
CUST05805,0.0728,0
CUST05806,0.803,1
CUST05807,0.0891,0
CUST05808,0.0331,0
CUST05809,0.0359,0
CUST05810,0.5891,1
CUST05811,0.246,0
CUST05812,0.776,1
CUST05813,0.0102,0
CUST05814,0.4949,0
CUST05815,0.0021,0
CUST05816,0.0916,0
CUST05817,0.0049,0
CUST05818,0.4555,0
CUST05819,0.5523,0
CUST05820,0.729,1
CUST05821,0.0906,0
CUST05822,0.6939,1
CUST05823,0.5797,1
CUST05824,0.0735,0
CUST05825,0.1211,0
CUST05826,0.783,1
CUST05827,0.373,1
CUST05828,0.0027,0
CUST05829,0.0101,0
CUST05830,0.7404,1
CUST05831,0.2699,0
CUST05832,0.0038,0
CUST05833,0.4701,0
CUST05834,0.8672,1
CUST05835,0.0586,0
CUST05836,0.6492,1
CUST05837,0.1082,0
CUST05838,0.3451,0
CUST05839,0.5656,1
CUST05840,0.0132,0
CUST05841,0.0023,0
CUST05842,0.7733,1
CUST05843,0.1602,0
CUST05844,0.006,0
CUST05845,0.7553,1
CUST05846,0.3293,0
CUST05847,0.0204,0
CUST05848,0.0323,0
CUST05849,0.7695,1
CUST05850,0.6742,1
CUST05851,0.5238,1
CUST05852,0.6704,1
CUST05853,0.0067,0
CUST05854,0.3083,0
CUST05855,0.9014,1
CUST05856,0.0478,0
CUST05857,0.0761,0
CUST05858,0.4793,1
CUST05859,0.4873,0
CUST05860,0.0346,0
CUST05861,0.183,0
CUST05862,0.0046,0
CUST05863,0.008,0
CUST05864,0.088,0
CUST05865,0.7155,0
CUST05866,0.0024,0
CUST05867,0.9565,1
CUST05868,0.377,0
CUST05869,0.9097,1
CUST05870,0.3283,0
CUST05871,0.4235,0
CUST05872,0.0025,0
CUST05873,0.0617,0
CUST05874,0.0253,1
CUST05875,0.9503,1
CUST05876,0.0044,0
CUST05877,0.9162,1
CUST05878,0.0053,0
CUST05879,0.0136,0
CUST05880,0.0199,0
CUST05881,0.3412,0
CUST05882,0.0028,0
CUST05883,0.0307,0
CUST05884,0.0025,0
CUST05885,0.0333,0
CUST05886,0.5291,0
CUST05887,0.1583,0
CUST05888,0.0025,0
CUST05889,0.6133,1
CUST05890,0.0025,0
CUST05891,0.7745,1
CUST05892,0.33,0
CUST05893,0.776,1
CUST05894,0.2034,0
CUST05895,0.4883,1
CUST05896,0.0061,0
CUST05897,0.0321,0
CUST05898,0.0122,0
CUST05899,0.0971,0
CUST05900,0.1104,0
CUST05901,0.7866,1
CUST05902,0.6412,1
CUST05903,0.0023,0
CUST05904,0.7163,1
CUST05905,0.1624,1
CUST05906,0.0107,0
CUST05907,0.4991,1
CUST05908,0.0069,0
CUST05909,0.5558,0
CUST05910,0.6642,1
CUST05911,0.9492,1
CUST05912,0.0049,0
CUST05913,0.8094,1
CUST05914,0.1971,1
CUST05915,0.4694,1
CUST05916,0.0308,0
CUST05917,0.0074,0
CUST05918,0.5549,1
CUST05919,0.2896,1
CUST05920,0.3049,0
CUST05921,0.0666,0
CUST05922,0.0345,0
CUST05923,0.0324,0
CUST05924,0.4209,1
CUST05925,0.0019,0
CUST05926,0.025,0
CUST05927,0.032,0
CUST05928,0.1953,0
CUST05929,0.0143,0
CUST05930,0.1003,1
CUST05931,0.2889,1
CUST05932,0.0548,0
CUST05933,0.0069,0
CUST05934,0.1052,1
CUST05935,0.4281,1
CUST05936,0.6624,1
CUST05937,0.8112,1
CUST05938,0.0069,0
CUST05939,0.1064,0
CUST05940,0.2429,1
CUST05941,0.0742,0
CUST05942,0.7512,1
CUST05943,0.0286,0
CUST05944,0.1607,0
CUST05945,0.013,0
CUST05946,0.0028,0
CUST05947,0.5759,1
CUST05948,0.004,0
CUST05949,0.0019,0
CUST05950,0.7725,1
CUST05951,0.1741,0
CUST05952,0.0334,0
CUST05953,0.0806,0
CUST05954,0.4356,0
CUST05955,0.0041,0
CUST05956,0.7073,1
CUST05957,0.4527,0
CUST05958,0.1143,0
CUST05959,0.9167,1
CUST05960,0.0497,0
CUST05961,0.0029,0
CUST05962,0.0031,0
CUST05963,0.008,0
CUST05964,0.0109,0
CUST05965,0.0085,0
CUST05966,0.3942,0
CUST05967,0.0159,0
CUST05968,0.0248,0
CUST05969,0.7104,0
CUST05970,0.0761,0
CUST05971,0.2465,0
CUST05972,0.0079,0
CUST05973,0.0393,0
CUST05974,0.0855,0
CUST05975,0.7655,1
CUST05976,0.0136,0
CUST05977,0.3557,1
CUST05978,0.6753,0
CUST05979,0.0818,0
CUST05980,0.1872,1
CUST05981,0.0026,0
CUST05982,0.6779,1
CUST05983,0.19,0
CUST05984,0.8247,1
CUST05985,0.0079,0
CUST05986,0.6199,1
CUST05987,0.4389,0
CUST05988,0.3258,1
CUST05989,0.003,0
CUST05990,0.0034,0
CUST05991,0.3305,0
CUST05992,0.0047,0
CUST05993,0.5544,0
CUST05994,0.0021,0
CUST05995,0.149,1
CUST05996,0.0195,0
CUST05997,0.0025,0
CUST05998,0.3677,0
CUST05999,0.0047,0
CUST06000,0.0057,0
CUST06001,0.7469,1
CUST06002,0.1234,0
CUST06003,0.5326,0
CUST06004,0.0039,0
CUST06005,0.2375,0
CUST06006,0.007,0
CUST06007,0.004,0
CUST06008,0.3965,0
CUST06009,0.5586,1
CUST06010,0.6404,1
CUST06011,0.0033,0
CUST06012,0.3607,1
CUST06013,0.0765,0
CUST06014,0.0273,0
CUST06015,0.7726,1
CUST06016,0.4088,0
CUST06017,0.9176,1
CUST06018,0.7828,1
CUST06019,0.4127,0
CUST06020,0.7747,0
CUST06021,0.1484,0
CUST06022,0.0065,0
CUST06023,0.1435,0
CUST06024,0.0115,0
CUST06025,0.0019,0
CUST06026,0.0594,0
CUST06027,0.8609,1
CUST06028,0.0017,0
CUST06029,0.7311,1
CUST06030,0.8151,1
CUST06031,0.4189,0
CUST06032,0.9505,1
CUST06033,0.0879,0
CUST06034,0.0334,0
CUST06035,0.1631,0
CUST06036,0.0406,0
CUST06037,0.6718,1
CUST06038,0.8258,1
CUST06039,0.0017,0
CUST06040,0.2137,0
CUST06041,0.08,0
CUST06042,0.4038,0
CUST06043,0.3518,1
CUST06044,0.2115,0
CUST06045,0.0864,0
CUST06046,0.2235,0
CUST06047,0.0031,0
CUST06048,0.7754,1
CUST06049,0.004,0
CUST06050,0.1601,0
CUST06051,0.0048,0
CUST06052,0.0677,0
CUST06053,0.0085,0
CUST06054,0.0942,0
CUST06055,0.7689,1
CUST06056,0.1211,0
CUST06057,0.0091,0
CUST06058,0.0583,0
CUST06059,0.0082,0
CUST06060,0.0219,0
CUST06061,0.5829,1
CUST06062,0.8402,0
CUST06063,0.9178,1
CUST06064,0.0046,0
CUST06065,0.015,0
CUST06066,0.0028,0
CUST06067,0.3235,0
CUST06068,0.0019,0
CUST06069,0.2343,0
CUST06070,0.0032,0
CUST06071,0.0075,0
CUST06072,0.0036,0
CUST06073,0.1591,0
CUST06074,0.8515,1
CUST06075,0.267,1
CUST06076,0.0979,0
CUST06077,0.1558,0
CUST06078,0.0054,0
CUST06079,0.7952,0
CUST06080,0.8531,1
CUST06081,0.7728,0
CUST06082,0.106,0
CUST06083,0.0028,0
CUST06084,0.7563,1
CUST06085,0.0024,0
CUST06086,0.3245,0
CUST06087,0.3952,0
CUST06088,0.0019,0
CUST06089,0.396,0
CUST06090,0.4182,0
CUST06091,0.8754,1
CUST06092,0.8408,1
CUST06093,0.3241,0
CUST06094,0.3874,1
CUST06095,0.007,0
CUST06096,0.2372,0
CUST06097,0.221,0
CUST06098,0.2813,0
CUST06099,0.8986,1
CUST06100,0.445,0
CUST06101,0.3444,0
CUST06102,0.002,0
CUST06103,0.0089,0
CUST06104,0.0164,0
CUST06105,0.7413,1
CUST06106,0.3604,0
CUST06107,0.0343,0
CUST06108,0.1214,0
CUST06109,0.7873,0
CUST06110,0.0043,0
CUST06111,0.062,0
CUST06112,0.1541,0
CUST06113,0.3707,0
CUST06114,0.3209,0
CUST06115,0.0293,0
CUST06116,0.1144,0
CUST06117,0.2624,0
CUST06118,0.3087,1
CUST06119,0.0082,0
CUST06120,0.0092,0
CUST06121,0.8719,1
CUST06122,0.0266,0
CUST06123,0.0467,0
CUST06124,0.4529,1
CUST06125,0.0026,0
CUST06126,0.1043,1
CUST06127,0.5997,1
CUST06128,0.0202,0
CUST06129,0.8486,1
CUST06130,0.0062,0
CUST06131,0.0048,0
CUST06132,0.8614,1
CUST06133,0.0296,0
CUST06134,0.1159,1
CUST06135,0.0111,0
CUST06136,0.0032,0
CUST06137,0.2532,0
CUST06138,0.0466,0
CUST06139,0.7099,1
CUST06140,0.0796,0
CUST06141,0.7345,0
CUST06142,0.4064,1
CUST06143,0.9029,1
CUST06144,0.1421,0
CUST06145,0.4239,0
CUST06146,0.0239,0
CUST06147,0.6929,0
CUST06148,0.6853,0
CUST06149,0.2929,0
CUST06150,0.256,0
CUST06151,0.0079,0
CUST06152,0.0761,0
CUST06153,0.1606,0
CUST06154,0.237,0
CUST06155,0.1112,0
CUST06156,0.0189,0
CUST06157,0.5594,0
CUST06158,0.0082,0
CUST06159,0.0567,0
CUST06160,0.0055,0
CUST06161,0.2245,0
CUST06162,0.2816,1
CUST06163,0.1095,1
CUST06164,0.7385,0
CUST06165,0.0032,0
CUST06166,0.7481,1
CUST06167,0.5009,0
CUST06168,0.2784,0
CUST06169,0.0097,0
CUST06170,0.3812,0
CUST06171,0.4134,0
CUST06172,0.06,0
CUST06173,0.4298,1
CUST06174,0.0539,0
CUST06175,0.7584,1
CUST06176,0.353,0
CUST06177,0.0518,0
CUST06178,0.7502,1
CUST06179,0.0881,0
CUST06180,0.3028,1
CUST06181,0.9504,1
CUST06182,0.002,0
CUST06183,0.0343,0
CUST06184,0.0739,0
CUST06185,0.022,0
CUST06186,0.6312,1
CUST06187,0.0845,0
CUST06188,0.0488,0
CUST06189,0.6837,0
CUST06190,0.9325,1
CUST06191,0.583,1
CUST06192,0.0053,0
CUST06193,0.0041,0
CUST06194,0.02,0
CUST06195,0.2692,0
CUST06196,0.1364,0
CUST06197,0.1263,0
CUST06198,0.6617,1
CUST06199,0.0018,0
CUST06200,0.3187,0
CUST06201,0.1166,0
CUST06202,0.002,0
CUST06203,0.0023,0
CUST06204,0.2086,0
CUST06205,0.7701,1
CUST06206,0.4876,1
CUST06207,0.0198,0
CUST06208,0.0789,0
CUST06209,0.0022,0
CUST06210,0.0018,0
CUST06211,0.3633,0
CUST06212,0.0021,0
CUST06213,0.5726,0
CUST06214,0.293,0
CUST06215,0.4597,0
CUST06216,0.0026,0
CUST06217,0.8274,1
CUST06218,0.8702,1
CUST06219,0.0141,0
CUST06220,0.2971,0
CUST06221,0.0954,0
CUST06222,0.0375,0
CUST06223,0.4742,1
CUST06224,0.4322,0
CUST06225,0.7636,1
CUST06226,0.0152,0
CUST06227,0.1518,0
CUST06228,0.005,0
CUST06229,0.703,1
CUST06230,0.0024,0
CUST06231,0.949,1
CUST06232,0.076,0
CUST06233,0.0088,0
CUST06234,0.0134,0
CUST06235,0.0099,0
CUST06236,0.0048,0
CUST06237,0.6606,1
CUST06238,0.4415,1
CUST06239,0.2841,0
CUST06240,0.8194,1
CUST06241,0.0098,0
CUST06242,0.0445,0
CUST06243,0.9498,1
CUST06244,0.0037,0
CUST06245,0.4975,1
CUST06246,0.0362,0
CUST06247,0.8706,1
CUST06248,0.8263,1
CUST06249,0.8087,1
CUST06250,0.0022,0
CUST06251,0.0047,0
CUST06252,0.1493,0
CUST06253,0.0777,0
CUST06254,0.3344,0
CUST06255,0.2884,1
CUST06256,0.0021,0
CUST06257,0.8462,1
CUST06258,0.149,1
CUST06259,0.8071,1
CUST06260,0.1201,0
CUST06261,0.0174,0
CUST06262,0.7042,1
CUST06263,0.2487,1
CUST06264,0.8747,1
CUST06265,0.0671,0
CUST06266,0.8624,1
CUST06267,0.1204,0
CUST06268,0.9072,1
CUST06269,0.0054,0
CUST06270,0.4055,0
CUST06271,0.4515,1
CUST06272,0.8303,1
CUST06273,0.4741,0
CUST06274,0.5801,1
CUST06275,0.0983,0
CUST06276,0.0059,0
CUST06277,0.475,1
CUST06278,0.0037,0
CUST06279,0.3939,1
CUST06280,0.2926,0
CUST06281,0.765,1
CUST06282,0.4052,1
CUST06283,0.0266,0
CUST06284,0.3834,0
CUST06285,0.2839,0
CUST06286,0.0254,0
CUST06287,0.0064,0
CUST06288,0.003,0
CUST06289,0.0886,0
CUST06290,0.2691,0
CUST06291,0.9249,1
CUST06292,0.1711,0
CUST06293,0.0026,0
CUST06294,0.7584,1
CUST06295,0.0831,1
CUST06296,0.5713,1
CUST06297,0.0421,0
CUST06298,0.002,0
CUST06299,0.0025,0
CUST06300,0.4806,1
CUST06301,0.6678,1
CUST06302,0.0033,0
CUST06303,0.1053,0
CUST06304,0.0024,0
CUST06305,0.7963,1
CUST06306,0.0208,0
CUST06307,0.0025,0
CUST06308,0.0025,0
CUST06309,0.5172,1
CUST06310,0.0119,0
CUST06311,0.5228,0
CUST06312,0.1082,0
CUST06313,0.003,0
CUST06314,0.0435,0
CUST06315,0.0154,0
CUST06316,0.0017,0
CUST06317,0.0066,0
CUST06318,0.0033,0
CUST06319,0.7391,1
CUST06320,0.1802,0
CUST06321,0.8441,1
CUST06322,0.0034,0
CUST06323,0.5793,1
CUST06324,0.0027,0
CUST06325,0.2254,0
CUST06326,0.466,0
CUST06327,0.003,0
CUST06328,0.3898,0
CUST06329,0.0182,0
CUST06330,0.0019,0
CUST06331,0.1353,0
CUST06332,0.0059,0
CUST06333,0.5027,1
CUST06334,0.1549,0
CUST06335,0.6942,1
CUST06336,0.0055,0
CUST06337,0.2718,0
CUST06338,0.4846,1
CUST06339,0.0019,0
CUST06340,0.0299,0
CUST06341,0.7581,1
CUST06342,0.684,1
CUST06343,0.0019,0
CUST06344,0.0025,0
CUST06345,0.0042,0
CUST06346,0.6096,0
CUST06347,0.5938,0
CUST06348,0.3796,1
CUST06349,0.0022,0
CUST06350,0.5676,1
CUST06351,0.0022,0
CUST06352,0.0026,0
CUST06353,0.0263,0
CUST06354,0.099,0
CUST06355,0.0093,0
CUST06356,0.2049,0
CUST06357,0.3149,0
CUST06358,0.6752,1
CUST06359,0.0789,0
CUST06360,0.2535,1
CUST06361,0.3937,1
CUST06362,0.072,0
CUST06363,0.0182,0
CUST06364,0.7715,1
CUST06365,0.0313,0
CUST06366,0.015,0
CUST06367,0.4326,0
CUST06368,0.0437,0
CUST06369,0.8857,1
CUST06370,0.0057,0
CUST06371,0.723,1
CUST06372,0.0151,0
CUST06373,0.8424,1
CUST06374,0.0516,0
CUST06375,0.023,0
CUST06376,0.0018,0
CUST06377,0.0174,0
CUST06378,0.4536,0
CUST06379,0.0022,0
CUST06380,0.8281,1
CUST06381,0.5058,0
CUST06382,0.0279,0
CUST06383,0.6688,1
CUST06384,0.0217,0
CUST06385,0.011,0
CUST06386,0.3078,0
CUST06387,0.0019,0
CUST06388,0.0424,0
CUST06389,0.0644,0
CUST06390,0.1438,0
CUST06391,0.0022,0
CUST06392,0.034,0
CUST06393,0.4316,1
CUST06394,0.4991,0
CUST06395,0.0088,0
CUST06396,0.811,0
CUST06397,0.418,0
CUST06398,0.0108,0
CUST06399,0.0056,0
CUST06400,0.0026,0
CUST06401,0.3413,1
CUST06402,0.4034,1
CUST06403,0.7344,1
CUST06404,0.0073,0
CUST06405,0.3692,0
CUST06406,0.3933,0
CUST06407,0.071,0
CUST06408,0.0021,0
CUST06409,0.0539,0
CUST06410,0.8209,0
CUST06411,0.2716,0
CUST06412,0.8218,1
CUST06413,0.454,1
CUST06414,0.0086,0
CUST06415,0.0799,0
CUST06416,0.0133,0
CUST06417,0.0086,0
CUST06418,0.0018,0
CUST06419,0.0257,0
CUST06420,0.0073,0
CUST06421,0.1106,1
CUST06422,0.5072,0
CUST06423,0.8874,1
CUST06424,0.898,1
CUST06425,0.8659,1
CUST06426,0.2204,0
CUST06427,0.0094,0
CUST06428,0.0019,0
CUST06429,0.1378,0
CUST06430,0.0031,0
CUST06431,0.2167,1
CUST06432,0.1317,0
CUST06433,0.06,0
CUST06434,0.0093,0
CUST06435,0.0378,0
CUST06436,0.0055,0
CUST06437,0.89,1
CUST06438,0.4673,0
CUST06439,0.0073,0
CUST06440,0.0031,0
CUST06441,0.0248,0
CUST06442,0.8052,1
CUST06443,0.0118,0
CUST06444,0.0028,0
CUST06445,0.6186,0
CUST06446,0.468,0
CUST06447,0.0272,0
CUST06448,0.3828,0
CUST06449,0.0092,0
CUST06450,0.6421,1
CUST06451,0.3953,0
CUST06452,0.0035,0
CUST06453,0.0846,0
CUST06454,0.6672,1
CUST06455,0.0726,0
CUST06456,0.0055,0
CUST06457,0.0056,0
CUST06458,0.006,0
CUST06459,0.6652,0
CUST06460,0.0654,0
CUST06461,0.0822,0
CUST06462,0.0039,0
CUST06463,0.422,0
CUST06464,0.0049,0
CUST06465,0.3439,1
CUST06466,0.0023,0
CUST06467,0.6074,1
CUST06468,0.002,0
CUST06469,0.0045,0
CUST06470,0.0162,0
CUST06471,0.0208,0
CUST06472,0.7766,0
CUST06473,0.0021,0
CUST06474,0.01,0
CUST06475,0.4015,0
CUST06476,0.0209,0
CUST06477,0.0117,0
CUST06478,0.0381,0
CUST06479,0.0029,0
CUST06480,0.0305,0
CUST06481,0.34,0
CUST06482,0.9444,1
CUST06483,0.5598,1
CUST06484,0.082,0
CUST06485,0.0057,0
CUST06486,0.3208,0
CUST06487,0.0104,0
CUST06488,0.0019,0
CUST06489,0.0764,0
CUST06490,0.055,0
CUST06491,0.085,0
CUST06492,0.0039,0
CUST06493,0.6399,1
CUST06494,0.0062,0
CUST06495,0.3206,0
CUST06496,0.5704,1
CUST06497,0.0324,0
CUST06498,0.5285,1
CUST06499,0.0253,0
CUST06500,0.0206,0
CUST06501,0.4555,1
CUST06502,0.5595,1
CUST06503,0.0105,0
CUST06504,0.0027,0
CUST06505,0.685,1
CUST06506,0.3138,0
CUST06507,0.0142,0
CUST06508,0.0792,0
CUST06509,0.0348,0
CUST06510,0.0057,0
CUST06511,0.4384,0
CUST06512,0.1454,0
CUST06513,0.3213,0
CUST06514,0.2045,0
CUST06515,0.0334,0
CUST06516,0.0088,0
CUST06517,0.2908,1
CUST06518,0.0026,0
CUST06519,0.0516,0
CUST06520,0.3397,0
CUST06521,0.0367,0
CUST06522,0.0139,0
CUST06523,0.3724,0
CUST06524,0.3361,0
CUST06525,0.1728,0
CUST06526,0.9015,1
CUST06527,0.4632,0
CUST06528,0.4145,1
CUST06529,0.0119,0
CUST06530,0.0026,0
CUST06531,0.1677,0
CUST06532,0.0103,0
CUST06533,0.0024,0
CUST06534,0.0037,0
CUST06535,0.5604,1
CUST06536,0.0019,0
CUST06537,0.004,0
CUST06538,0.0027,0
CUST06539,0.5888,1
CUST06540,0.0138,0
CUST06541,0.1332,0
CUST06542,0.7348,0
CUST06543,0.2462,0
CUST06544,0.1579,0
CUST06545,0.004,0
CUST06546,0.892,1
CUST06547,0.7728,1
CUST06548,0.3958,0
CUST06549,0.5668,1
CUST06550,0.6451,1
CUST06551,0.1598,0
CUST06552,0.0016,0
CUST06553,0.5752,1
CUST06554,0.0046,0
CUST06555,0.2004,0
CUST06556,0.7309,1
CUST06557,0.0122,0
CUST06558,0.3325,1
CUST06559,0.0022,0
CUST06560,0.1664,1
CUST06561,0.0172,0
CUST06562,0.3334,1
CUST06563,0.1839,0
CUST06564,0.7982,1
CUST06565,0.1166,0
CUST06566,0.0113,0
CUST06567,0.7266,1
CUST06568,0.0041,0
CUST06569,0.2355,0
CUST06570,0.8503,1
CUST06571,0.5648,1
CUST06572,0.005,0
CUST06573,0.0411,0
CUST06574,0.3861,0
CUST06575,0.9037,1
CUST06576,0.3511,0
CUST06577,0.004,0
CUST06578,0.011,0
CUST06579,0.118,0
CUST06580,0.2803,1
CUST06581,0.1851,0
CUST06582,0.0021,0
CUST06583,0.8272,1
CUST06584,0.0063,0
CUST06585,0.0025,0
CUST06586,0.5894,1
CUST06587,0.2305,0
CUST06588,0.0057,0
CUST06589,0.0035,0
CUST06590,0.3224,1
CUST06591,0.4937,1
CUST06592,0.0027,0
CUST06593,0.9039,0
CUST06594,0.401,1
CUST06595,0.0434,0
CUST06596,0.0212,0
CUST06597,0.0692,0
CUST06598,0.0131,0
CUST06599,0.2883,0
CUST06600,0.945,1
CUST06601,0.4223,1
CUST06602,0.6148,1
CUST06603,0.3228,0
CUST06604,0.2303,0
CUST06605,0.0029,0
CUST06606,0.0117,0
CUST06607,0.0048,0
CUST06608,0.0053,0
CUST06609,0.0562,0
CUST06610,0.8585,1
CUST06611,0.0149,0
CUST06612,0.1411,0
CUST06613,0.0989,0
CUST06614,0.868,1
CUST06615,0.0023,0
CUST06616,0.0216,0
CUST06617,0.0035,0
CUST06618,0.0067,0
CUST06619,0.9414,1
CUST06620,0.2676,1
CUST06621,0.4141,1
CUST06622,0.7561,0
CUST06623,0.0023,0
CUST06624,0.8874,1
CUST06625,0.0389,0
CUST06626,0.8823,1
CUST06627,0.2214,0
CUST06628,0.1825,0
CUST06629,0.2507,0
CUST06630,0.4407,0
CUST06631,0.0198,0
CUST06632,0.14,0
CUST06633,0.8334,1
CUST06634,0.6008,0
CUST06635,0.0023,0
CUST06636,0.1283,0
CUST06637,0.0941,0
CUST06638,0.3101,0
CUST06639,0.0678,0
CUST06640,0.0109,0
CUST06641,0.592,1
CUST06642,0.084,0
CUST06643,0.0023,0
CUST06644,0.0067,0
CUST06645,0.9489,1
CUST06646,0.0292,0
CUST06647,0.0032,0
CUST06648,0.0056,0
CUST06649,0.0318,0
CUST06650,0.4569,1
CUST06651,0.0568,0
CUST06652,0.007,0
CUST06653,0.009,0
CUST06654,0.692,1
CUST06655,0.0142,0
CUST06656,0.7901,1
CUST06657,0.3698,0
CUST06658,0.0848,0
CUST06659,0.4138,0
CUST06660,0.0114,0
CUST06661,0.0174,0
CUST06662,0.0052,0
CUST06663,0.8917,1
CUST06664,0.0017,0
CUST06665,0.0491,0
CUST06666,0.7416,1
CUST06667,0.7927,1
CUST06668,0.3667,0
CUST06669,0.2727,1
CUST06670,0.0034,0
CUST06671,0.0081,0
CUST06672,0.0184,0
CUST06673,0.2114,0
CUST06674,0.0576,0
CUST06675,0.1619,0
CUST06676,0.5379,0
CUST06677,0.2032,0
CUST06678,0.0463,0
CUST06679,0.0113,0
CUST06680,0.0738,0
CUST06681,0.1335,0
CUST06682,0.1406,0
CUST06683,0.0912,0
CUST06684,0.8583,1
CUST06685,0.0404,0
CUST06686,0.0022,0
CUST06687,0.6804,0
CUST06688,0.344,0
CUST06689,0.6899,1
CUST06690,0.0057,0
CUST06691,0.0862,0
CUST06692,0.178,1
CUST06693,0.1068,0
CUST06694,0.5877,1
CUST06695,0.0275,0
CUST06696,0.0098,0
CUST06697,0.7452,0
CUST06698,0.3511,0
CUST06699,0.0047,0
CUST06700,0.6267,1
CUST06701,0.1183,0
CUST06702,0.0114,0
CUST06703,0.4466,1
CUST06704,0.0038,0
CUST06705,0.0246,0
CUST06706,0.4958,0
CUST06707,0.419,1
CUST06708,0.017,0
CUST06709,0.0424,0
CUST06710,0.8417,1
CUST06711,0.2839,1
CUST06712,0.0441,0
CUST06713,0.1859,1
CUST06714,0.879,1
CUST06715,0.4342,1
CUST06716,0.651,0
CUST06717,0.0092,0
CUST06718,0.0016,0
CUST06719,0.0574,0
CUST06720,0.4078,1
CUST06721,0.0018,0
CUST06722,0.0044,0
CUST06723,0.6349,0
CUST06724,0.2303,1
CUST06725,0.2205,0
CUST06726,0.2524,0
CUST06727,0.0375,0
CUST06728,0.6154,0
CUST06729,0.0255,0
CUST06730,0.0329,0
CUST06731,0.1917,0
CUST06732,0.5799,1
CUST06733,0.0031,0
CUST06734,0.4395,1
CUST06735,0.9478,1
CUST06736,0.0034,0
CUST06737,0.6991,0
CUST06738,0.9539,1
CUST06739,0.012,0
CUST06740,0.0148,0
CUST06741,0.3642,1
CUST06742,0.0103,0
CUST06743,0.002,0
CUST06744,0.1795,0
CUST06745,0.0028,0
CUST06746,0.1221,0
CUST06747,0.2911,0
CUST06748,0.0381,0
CUST06749,0.0206,0
CUST06750,0.0939,0
CUST06751,0.0087,0
CUST06752,0.0123,0
CUST06753,0.5666,1
CUST06754,0.4439,1
CUST06755,0.1452,1
CUST06756,0.0045,0
CUST06757,0.3381,0
CUST06758,0.0058,0
CUST06759,0.6243,0
CUST06760,0.0234,0
CUST06761,0.4787,1
CUST06762,0.0033,0
CUST06763,0.0041,0
CUST06764,0.0037,0
CUST06765,0.0035,0
CUST06766,0.6973,1
CUST06767,0.0177,0
CUST06768,0.1016,0
CUST06769,0.0039,0
CUST06770,0.4023,0
CUST06771,0.1533,0
CUST06772,0.2995,0
CUST06773,0.003,0
CUST06774,0.0018,0
CUST06775,0.0048,0
CUST06776,0.4177,0
CUST06777,0.155,0
CUST06778,0.0049,0
CUST06779,0.8407,1
CUST06780,0.021,0
CUST06781,0.2675,0
CUST06782,0.0238,0
CUST06783,0.012,0
CUST06784,0.8293,1
CUST06785,0.0579,0
CUST06786,0.6867,1
CUST06787,0.0025,0
CUST06788,0.0331,0
CUST06789,0.0665,0
CUST06790,0.2267,0
CUST06791,0.5462,0
CUST06792,0.8876,1
CUST06793,0.2683,0
CUST06794,0.7817,1
CUST06795,0.1795,0
CUST06796,0.8441,1
CUST06797,0.2109,0
CUST06798,0.873,1
CUST06799,0.2939,0
CUST06800,0.118,0
CUST06801,0.0174,0
CUST06802,0.673,0
CUST06803,0.0081,0
CUST06804,0.166,0
CUST06805,0.0022,0
CUST06806,0.0038,0
CUST06807,0.1178,0
CUST06808,0.6925,0
CUST06809,0.4473,0
CUST06810,0.2348,1
CUST06811,0.0028,0
CUST06812,0.0028,0
CUST06813,0.0058,0
CUST06814,0.0385,0
CUST06815,0.9006,1
CUST06816,0.0114,0
CUST06817,0.2703,0
CUST06818,0.2329,0
CUST06819,0.0451,0
CUST06820,0.002,0
CUST06821,0.0032,0
CUST06822,0.7628,1
CUST06823,0.002,0
CUST06824,0.0039,0
CUST06825,0.0098,0
CUST06826,0.7622,0
CUST06827,0.0711,0
CUST06828,0.9411,1
CUST06829,0.1258,0
CUST06830,0.8624,1
CUST06831,0.2775,0
CUST06832,0.0105,0
CUST06833,0.003,0
CUST06834,0.0023,0
CUST06835,0.0054,0
CUST06836,0.0047,0
CUST06837,0.0933,0
CUST06838,0.1223,0
CUST06839,0.8725,1
CUST06840,0.002,0
CUST06841,0.0261,0
CUST06842,0.0709,0
CUST06843,0.1266,0
CUST06844,0.4268,1
CUST06845,0.3144,0
CUST06846,0.2355,0
CUST06847,0.2376,1
CUST06848,0.6462,0
CUST06849,0.0433,0
CUST06850,0.1271,1
CUST06851,0.6276,1
CUST06852,0.8189,1
CUST06853,0.9046,0
CUST06854,0.4139,0
CUST06855,0.2982,1
CUST06856,0.4472,0
CUST06857,0.1709,0
CUST06858,0.7917,1
CUST06859,0.1825,1
CUST06860,0.2586,0
CUST06861,0.8131,1
CUST06862,0.1831,0
CUST06863,0.8395,1
CUST06864,0.002,0
CUST06865,0.4812,0
CUST06866,0.9475,1
CUST06867,0.5236,1
CUST06868,0.2906,0
CUST06869,0.0287,0
CUST06870,0.9406,1
CUST06871,0.2802,0
CUST06872,0.6713,0
CUST06873,0.4093,0
CUST06874,0.0076,0
CUST06875,0.0018,0
CUST06876,0.1359,0
CUST06877,0.0063,0
CUST06878,0.138,0
CUST06879,0.851,1
CUST06880,0.0054,0
CUST06881,0.0267,0
CUST06882,0.3414,0
CUST06883,0.5451,1
CUST06884,0.6794,0
CUST06885,0.6427,1
CUST06886,0.0034,0
CUST06887,0.0257,0
CUST06888,0.1116,0
CUST06889,0.0023,0
CUST06890,0.0072,0
CUST06891,0.0081,0
CUST06892,0.0029,0
CUST06893,0.0091,0
CUST06894,0.6256,1
CUST06895,0.0019,0
CUST06896,0.9426,1
CUST06897,0.1126,1
CUST06898,0.0453,0
CUST06899,0.1978,1
CUST06900,0.7726,1
CUST06901,0.258,0
CUST06902,0.0157,0
CUST06903,0.0017,0
CUST06904,0.146,0
CUST06905,0.0047,0
CUST06906,0.6254,1
CUST06907,0.7162,1
CUST06908,0.1783,1
CUST06909,0.017,0
CUST06910,0.0125,0
CUST06911,0.4271,1
CUST06912,0.8929,0
CUST06913,0.0113,0
CUST06914,0.9464,1
CUST06915,0.3499,1
CUST06916,0.006,0
CUST06917,0.4579,0
CUST06918,0.61,0
CUST06919,0.3513,1
CUST06920,0.3147,1
CUST06921,0.1062,0
CUST06922,0.248,1
CUST06923,0.0038,0
CUST06924,0.0052,0
CUST06925,0.3158,0
CUST06926,0.9193,1
CUST06927,0.0031,0
CUST06928,0.1922,0
CUST06929,0.0034,0
CUST06930,0.4265,0
CUST06931,0.8351,1
CUST06932,0.0033,0
CUST06933,0.0026,0
CUST06934,0.5457,1
CUST06935,0.1655,0
CUST06936,0.0054,0
CUST06937,0.8515,1
CUST06938,0.0061,0
CUST06939,0.0331,0
CUST06940,0.4427,0
CUST06941,0.8263,1
CUST06942,0.496,1
CUST06943,0.0025,0
CUST06944,0.1136,0
CUST06945,0.5179,1
CUST06946,0.2311,0
CUST06947,0.2309,0
CUST06948,0.0249,0
CUST06949,0.2726,0
CUST06950,0.0254,0
CUST06951,0.1516,0
CUST06952,0.1294,0
CUST06953,0.1145,1
CUST06954,0.0027,0
CUST06955,0.425,0
CUST06956,0.0025,0
CUST06957,0.0027,0
CUST06958,0.7651,1
CUST06959,0.5596,0
CUST06960,0.003,0
CUST06961,0.004,0
CUST06962,0.1389,0
CUST06963,0.002,0
CUST06964,0.002,0
CUST06965,0.0023,0
CUST06966,0.0022,0
CUST06967,0.0074,0
CUST06968,0.0062,0
CUST06969,0.3963,0
CUST06970,0.7767,1
CUST06971,0.3758,1
CUST06972,0.0507,0
CUST06973,0.5262,1
CUST06974,0.2526,0
CUST06975,0.0064,0
CUST06976,0.0333,0
CUST06977,0.0075,0
CUST06978,0.933,1
CUST06979,0.0137,0
CUST06980,0.1292,0
CUST06981,0.1116,0
CUST06982,0.8424,1
CUST06983,0.9279,1
CUST06984,0.0125,0
CUST06985,0.0106,0
CUST06986,0.452,1
CUST06987,0.3789,0
CUST06988,0.2839,0
CUST06989,0.7319,1
CUST06990,0.9327,1
CUST06991,0.8466,1
CUST06992,0.0903,0
CUST06993,0.0599,0
CUST06994,0.1524,0
CUST06995,0.6992,1
CUST06996,0.6801,1
CUST06997,0.1159,0
CUST06998,0.0092,0
CUST06999,0.5785,0
CUST07000,0.0497,0
CUST07001,0.3989,0
CUST07002,0.5113,1
CUST07003,0.725,1
CUST07004,0.8014,1
CUST07005,0.5713,1
CUST07006,0.0762,0
CUST07007,0.3423,0
CUST07008,0.0302,0
CUST07009,0.3375,1
CUST07010,0.7731,1
CUST07011,0.0042,0
CUST07012,0.0025,0
CUST07013,0.0023,0
CUST07014,0.6028,0
CUST07015,0.2514,1
CUST07016,0.6411,1
CUST07017,0.3205,1
CUST07018,0.2188,0
CUST07019,0.0079,0
CUST07020,0.3457,0
CUST07021,0.4565,0
CUST07022,0.0022,0
CUST07023,0.0115,0
CUST07024,0.2787,1
CUST07025,0.5936,1
CUST07026,0.0027,0
CUST07027,0.0026,0
CUST07028,0.124,0
CUST07029,0.0125,0
CUST07030,0.0064,0
CUST07031,0.121,0
CUST07032,0.0218,0
CUST07033,0.5284,0
CUST07034,0.0875,0
CUST07035,0.8456,1
CUST07036,0.028,0
CUST07037,0.18,1
CUST07038,0.6992,1
CUST07039,0.6572,1
CUST07040,0.1402,0
CUST07041,0.06,0
CUST07042,0.0541,0
CUST07043,0.0259,0
CUST07044,0.0149,0
CUST07045,0.3663,0
CUST07046,0.0022,0
CUST07047,0.0281,0
CUST07048,0.026,0
CUST07049,0.0022,0
CUST07050,0.7923,1
CUST07051,0.5269,1
CUST07052,0.0033,0
CUST07053,0.4002,0
CUST07054,0.0251,0
CUST07055,0.0402,0
CUST07056,0.9036,1
CUST07057,0.417,0
CUST07058,0.3214,0
CUST07059,0.0031,0
CUST07060,0.11,0
CUST07061,0.0148,0
CUST07062,0.2752,0
CUST07063,0.5842,1
CUST07064,0.0019,0
CUST07065,0.4875,0
CUST07066,0.0021,0
CUST07067,0.0023,0
CUST07068,0.6867,0
CUST07069,0.5574,1
CUST07070,0.6916,1
CUST07071,0.0132,0
CUST07072,0.0481,0
CUST07073,0.0546,0
CUST07074,0.7685,1
CUST07075,0.0018,0
CUST07076,0.1781,0
CUST07077,0.4566,1
CUST07078,0.0309,0
CUST07079,0.2771,0
CUST07080,0.2354,0
CUST07081,0.757,0
CUST07082,0.0028,0
CUST07083,0.015,0
CUST07084,0.1972,0
CUST07085,0.0268,0
CUST07086,0.0021,0
CUST07087,0.9207,1
CUST07088,0.027,0
CUST07089,0.1875,0
CUST07090,0.67,0
CUST07091,0.6452,1
CUST07092,0.0053,0
CUST07093,0.0229,0
CUST07094,0.0392,0
CUST07095,0.0034,0
CUST07096,0.0037,0
CUST07097,0.0054,0
CUST07098,0.0031,0
CUST07099,0.2842,0
CUST07100,0.3477,1
CUST07101,0.9382,1
CUST07102,0.9518,1
CUST07103,0.0152,0
CUST07104,0.0203,0
CUST07105,0.1453,0
CUST07106,0.6169,1
CUST07107,0.0032,0
CUST07108,0.025,0
CUST07109,0.0454,0
CUST07110,0.7406,0
CUST07111,0.0115,0
CUST07112,0.0778,0
CUST07113,0.6813,0
CUST07114,0.0115,0
CUST07115,0.083,0
CUST07116,0.0936,1
CUST07117,0.2899,0
CUST07118,0.0988,0
CUST07119,0.0098,0
CUST07120,0.0078,0
CUST07121,0.7716,1
CUST07122,0.0932,0
CUST07123,0.4519,0
CUST07124,0.1152,0
CUST07125,0.4868,1
CUST07126,0.5924,0
CUST07127,0.1802,0
CUST07128,0.5693,0
CUST07129,0.0029,0
CUST07130,0.0056,0
CUST07131,0.1104,0
CUST07132,0.8468,1
CUST07133,0.0055,0
CUST07134,0.288,1
CUST07135,0.0102,0
CUST07136,0.0481,0
CUST07137,0.0106,0
CUST07138,0.5657,1
CUST07139,0.028,0
CUST07140,0.4626,0
CUST07141,0.79,0
CUST07142,0.7442,1
CUST07143,0.5563,0
CUST07144,0.7506,1
CUST07145,0.8921,1
CUST07146,0.0042,0
CUST07147,0.1312,0
CUST07148,0.2068,0
CUST07149,0.0153,0
CUST07150,0.0097,0
CUST07151,0.0181,0
CUST07152,0.0035,0
CUST07153,0.0186,0
CUST07154,0.0028,0
CUST07155,0.029,0
CUST07156,0.1193,0
CUST07157,0.0038,0
CUST07158,0.1211,0
CUST07159,0.2777,1
CUST07160,0.936,1
CUST07161,0.0242,0
CUST07162,0.0035,0
CUST07163,0.7372,1
CUST07164,0.0746,0
CUST07165,0.0024,0
CUST07166,0.0286,0
CUST07167,0.2853,0
CUST07168,0.0031,0
CUST07169,0.4273,0
CUST07170,0.0041,0
CUST07171,0.1391,0
CUST07172,0.178,0
CUST07173,0.4524,1
CUST07174,0.0024,0
CUST07175,0.0313,0
CUST07176,0.0205,0
CUST07177,0.1458,0
CUST07178,0.0729,0
CUST07179,0.0022,0
CUST07180,0.0716,0
CUST07181,0.8744,1
CUST07182,0.1415,0
CUST07183,0.1919,0
CUST07184,0.122,0
CUST07185,0.343,1
CUST07186,0.3754,0
CUST07187,0.1859,0
CUST07188,0.0037,0
CUST07189,0.0022,0
CUST07190,0.2935,0
CUST07191,0.0744,0
CUST07192,0.0053,0
CUST07193,0.0989,0
CUST07194,0.0102,0
CUST07195,0.3218,1
CUST07196,0.3452,0
CUST07197,0.8682,1
CUST07198,0.578,0
CUST07199,0.1763,0
CUST07200,0.1339,0
CUST07201,0.4567,1
CUST07202,0.0287,0
CUST07203,0.0132,0
CUST07204,0.2777,0
CUST07205,0.8713,1
CUST07206,0.0022,0
CUST07207,0.0893,0
CUST07208,0.646,1
CUST07209,0.8102,1
CUST07210,0.0036,0
CUST07211,0.0573,0
CUST07212,0.0129,0
CUST07213,0.0045,0
CUST07214,0.7816,1
CUST07215,0.4339,1
CUST07216,0.6861,1
CUST07217,0.0956,0
CUST07218,0.9518,1
CUST07219,0.189,0
CUST07220,0.0139,0
CUST07221,0.0571,0
CUST07222,0.0363,0
CUST07223,0.0035,0
CUST07224,0.4356,1
CUST07225,0.1005,0
CUST07226,0.0209,1
CUST07227,0.7632,1
CUST07228,0.0065,0
CUST07229,0.4772,0
CUST07230,0.0046,0
CUST07231,0.0023,0
CUST07232,0.0039,0
CUST07233,0.0022,0
CUST07234,0.0254,0
CUST07235,0.1746,0
CUST07236,0.002,0
CUST07237,0.132,0
CUST07238,0.0018,0
CUST07239,0.9161,1
CUST07240,0.206,0
CUST07241,0.0112,0
CUST07242,0.7929,1
CUST07243,0.3524,1
CUST07244,0.0043,0
CUST07245,0.3128,0
CUST07246,0.1819,0
CUST07247,0.0137,0
CUST07248,0.1227,0
CUST07249,0.0706,0
CUST07250,0.3506,0
CUST07251,0.0024,0
CUST07252,0.119,0
CUST07253,0.3181,0
CUST07254,0.1773,1
CUST07255,0.0894,0
CUST07256,0.5494,1
CUST07257,0.0057,0
CUST07258,0.0024,0
CUST07259,0.1732,0
CUST07260,0.0334,0
CUST07261,0.9084,1
CUST07262,0.7822,1
CUST07263,0.8529,1
CUST07264,0.0273,0
CUST07265,0.0193,0
CUST07266,0.0735,0
CUST07267,0.2944,1
CUST07268,0.8381,1
CUST07269,0.8287,1
CUST07270,0.0711,0
CUST07271,0.0289,0
CUST07272,0.0984,0
CUST07273,0.7443,1
CUST07274,0.1761,0
CUST07275,0.8029,1
CUST07276,0.0129,0
CUST07277,0.0041,0
CUST07278,0.3429,0
CUST07279,0.0354,0
CUST07280,0.0024,0
CUST07281,0.1405,0
CUST07282,0.5579,1
CUST07283,0.0023,0
CUST07284,0.1313,0
CUST07285,0.0711,0
CUST07286,0.7403,1
CUST07287,0.4715,0
CUST07288,0.7004,1
CUST07289,0.0433,0
CUST07290,0.4844,1
CUST07291,0.8593,1
CUST07292,0.1377,0
CUST07293,0.3621,0
CUST07294,0.0023,0
CUST07295,0.6387,1
CUST07296,0.3077,0
CUST07297,0.0161,0
CUST07298,0.4952,1
CUST07299,0.8885,1
CUST07300,0.0035,0
CUST07301,0.008,0
CUST07302,0.2152,0
CUST07303,0.694,1
CUST07304,0.0138,0
CUST07305,0.8381,1
CUST07306,0.0056,0
CUST07307,0.1571,0
CUST07308,0.1504,0
CUST07309,0.7014,1
CUST07310,0.8525,1
CUST07311,0.8184,1
CUST07312,0.6057,0
CUST07313,0.65,0
CUST07314,0.2932,0
CUST07315,0.0076,0
CUST07316,0.0037,0
CUST07317,0.0435,0
CUST07318,0.0422,0
CUST07319,0.005,0
CUST07320,0.2154,0
CUST07321,0.0626,0
CUST07322,0.6193,1
CUST07323,0.1224,0
CUST07324,0.9286,1
CUST07325,0.0312,0
CUST07326,0.7871,1
CUST07327,0.6542,1
CUST07328,0.0072,0
CUST07329,0.8603,1
CUST07330,0.0023,0
CUST07331,0.0066,0
CUST07332,0.6965,0
CUST07333,0.8283,0
CUST07334,0.7769,1
CUST07335,0.0233,0
CUST07336,0.6275,0
CUST07337,0.2572,0
CUST07338,0.7138,1
CUST07339,0.777,1
CUST07340,0.7244,1
CUST07341,0.0022,0
CUST07342,0.2057,0
CUST07343,0.0994,0
CUST07344,0.0073,0
CUST07345,0.8391,1
CUST07346,0.0023,0
CUST07347,0.5811,0
CUST07348,0.0584,0
CUST07349,0.8322,1
CUST07350,0.0025,0
CUST07351,0.0027,0
CUST07352,0.0384,0
CUST07353,0.0018,0
CUST07354,0.7381,1
CUST07355,0.0165,0
CUST07356,0.0035,0
CUST07357,0.5238,0
CUST07358,0.7834,1
CUST07359,0.0029,0
CUST07360,0.0185,0
CUST07361,0.7952,1
CUST07362,0.6909,0
CUST07363,0.0451,0
CUST07364,0.0115,0
CUST07365,0.0144,0
CUST07366,0.5491,1
CUST07367,0.4484,1
CUST07368,0.0042,0
CUST07369,0.0523,0
CUST07370,0.0097,0
CUST07371,0.0021,0
CUST07372,0.0025,0
CUST07373,0.0046,0
CUST07374,0.8013,1
CUST07375,0.0096,0
CUST07376,0.2363,1
CUST07377,0.299,0
CUST07378,0.2,0
CUST07379,0.1323,0
CUST07380,0.0159,0
CUST07381,0.784,1
CUST07382,0.4617,0
CUST07383,0.1349,0
CUST07384,0.5636,0
CUST07385,0.1025,0
CUST07386,0.4285,1
CUST07387,0.7621,0
CUST07388,0.005,0
CUST07389,0.5129,1
CUST07390,0.7252,0
CUST07391,0.695,1
CUST07392,0.0764,0
CUST07393,0.2621,0
CUST07394,0.0182,0
CUST07395,0.041,0
CUST07396,0.1561,0
CUST07397,0.0126,0
CUST07398,0.0032,0
CUST07399,0.0073,0
CUST07400,0.0034,0
CUST07401,0.6043,1
CUST07402,0.2827,0
CUST07403,0.0029,0
CUST07404,0.1412,0
CUST07405,0.0225,0
CUST07406,0.1081,0
CUST07407,0.0088,0
CUST07408,0.5425,0
CUST07409,0.0028,0
CUST07410,0.1945,1
CUST07411,0.7189,0
CUST07412,0.0235,0
CUST07413,0.5616,0
CUST07414,0.1595,0
CUST07415,0.1006,0
CUST07416,0.0127,0
CUST07417,0.0369,0
CUST07418,0.9427,1
CUST07419,0.0279,0
CUST07420,0.0226,0
CUST07421,0.4087,1
CUST07422,0.3095,0
CUST07423,0.3994,1
CUST07424,0.0027,0
CUST07425,0.924,1
CUST07426,0.0378,0
CUST07427,0.3413,0
CUST07428,0.7797,1
CUST07429,0.8554,1
CUST07430,0.0022,0
CUST07431,0.0018,0
CUST07432,0.8715,1
CUST07433,0.2008,1
CUST07434,0.0446,0
CUST07435,0.9436,1
CUST07436,0.0134,0
CUST07437,0.2499,0
CUST07438,0.9433,1
CUST07439,0.0028,0
CUST07440,0.005,0
CUST07441,0.7104,1
CUST07442,0.2271,0
CUST07443,0.162,0
CUST07444,0.0762,0
CUST07445,0.0035,0
CUST07446,0.0038,0
CUST07447,0.0026,0
CUST07448,0.0024,0
CUST07449,0.8687,1
CUST07450,0.4008,0
CUST07451,0.9382,1
CUST07452,0.2439,0
CUST07453,0.2158,0
CUST07454,0.0065,0
CUST07455,0.876,1
CUST07456,0.0807,0
CUST07457,0.0375,0
CUST07458,0.002,0
CUST07459,0.1448,1
CUST07460,0.6291,1
CUST07461,0.4362,0
CUST07462,0.0634,0
CUST07463,0.6908,1
CUST07464,0.2485,1
CUST07465,0.6876,1
CUST07466,0.0099,0
CUST07467,0.0314,0
CUST07468,0.4001,0
CUST07469,0.0188,0
CUST07470,0.2874,0
CUST07471,0.529,1
CUST07472,0.6921,1
CUST07473,0.2492,0
CUST07474,0.0893,0
CUST07475,0.1113,0
CUST07476,0.6476,0
CUST07477,0.0376,0
CUST07478,0.0722,0
CUST07479,0.0103,0
CUST07480,0.0033,0
CUST07481,0.6705,1
CUST07482,0.5077,1
CUST07483,0.6396,1
CUST07484,0.1483,0
CUST07485,0.5256,1
CUST07486,0.0223,0
CUST07487,0.1315,0
CUST07488,0.3744,1
CUST07489,0.602,1
CUST07490,0.6415,0
CUST07491,0.0194,0
CUST07492,0.0033,0
CUST07493,0.8366,1
CUST07494,0.7286,1
CUST07495,0.2524,0
CUST07496,0.002,0
CUST07497,0.007,0
CUST07498,0.7879,1
CUST07499,0.8349,1
CUST07500,0.0705,0
CUST07501,0.0126,0
CUST07502,0.007,0
CUST07503,0.0078,0
CUST07504,0.9246,1
CUST07505,0.7441,1
CUST07506,0.004,0
CUST07507,0.0147,0
CUST07508,0.0498,0
CUST07509,0.1007,0
CUST07510,0.6056,1
CUST07511,0.3326,1
CUST07512,0.0077,0
CUST07513,0.9479,1
CUST07514,0.8697,1
CUST07515,0.0918,0
CUST07516,0.2104,0
CUST07517,0.118,1
CUST07518,0.0629,0
CUST07519,0.0025,0
CUST07520,0.1007,0
CUST07521,0.1204,0
CUST07522,0.2111,1
CUST07523,0.0033,0
CUST07524,0.0552,0
CUST07525,0.1268,1
CUST07526,0.0268,0
CUST07527,0.0595,0
CUST07528,0.3902,1
CUST07529,0.0506,0
CUST07530,0.1792,0
CUST07531,0.0193,0
CUST07532,0.0739,0
CUST07533,0.0026,0
CUST07534,0.4432,0
CUST07535,0.5936,0
CUST07536,0.715,1
CUST07537,0.3242,0
CUST07538,0.4777,1
CUST07539,0.3227,0
CUST07540,0.8023,1
CUST07541,0.0045,0
CUST07542,0.0154,0
CUST07543,0.1019,0
CUST07544,0.003,0
CUST07545,0.5493,1
CUST07546,0.0021,0
CUST07547,0.5456,0
CUST07548,0.0191,0
CUST07549,0.284,0
CUST07550,0.5087,0
CUST07551,0.0023,0
CUST07552,0.1532,0
CUST07553,0.0024,0
CUST07554,0.9342,1
CUST07555,0.006,0
CUST07556,0.0057,0
CUST07557,0.8867,1
CUST07558,0.0627,0
CUST07559,0.8095,1
CUST07560,0.0246,0
CUST07561,0.0018,0
CUST07562,0.0346,0
CUST07563,0.0047,0
CUST07564,0.0029,0
CUST07565,0.7126,1
CUST07566,0.0058,0
CUST07567,0.2002,0
CUST07568,0.8121,1
CUST07569,0.002,0
CUST07570,0.6778,1
CUST07571,0.3715,1
CUST07572,0.8735,1
CUST07573,0.0154,0
CUST07574,0.3516,1
CUST07575,0.0569,0
CUST07576,0.6252,0
CUST07577,0.0213,0
CUST07578,0.0032,0
CUST07579,0.0297,0
CUST07580,0.5793,1
CUST07581,0.0031,0
CUST07582,0.0082,0
CUST07583,0.0039,0
CUST07584,0.7156,1
CUST07585,0.0896,0
CUST07586,0.4289,1
CUST07587,0.0072,0
CUST07588,0.8392,1
CUST07589,0.0081,0
CUST07590,0.0341,0
CUST07591,0.0702,0
CUST07592,0.3965,1
CUST07593,0.007,0
CUST07594,0.0024,0
CUST07595,0.7224,0
CUST07596,0.011,0
CUST07597,0.8147,0
CUST07598,0.2323,0
CUST07599,0.0218,0
CUST07600,0.4418,0
CUST07601,0.0021,0
CUST07602,0.6029,1
CUST07603,0.1348,0
CUST07604,0.8184,0
CUST07605,0.0883,0
CUST07606,0.8782,1
CUST07607,0.8113,1
CUST07608,0.0595,0
CUST07609,0.0363,0
CUST07610,0.004,0
CUST07611,0.0089,0
CUST07612,0.7977,1
CUST07613,0.0074,0
CUST07614,0.0025,0
CUST07615,0.0111,0
CUST07616,0.1705,0
CUST07617,0.7814,1
CUST07618,0.3638,0
CUST07619,0.061,0
CUST07620,0.8631,1
CUST07621,0.4623,1
CUST07622,0.2909,0
CUST07623,0.8106,1
CUST07624,0.004,0
CUST07625,0.0375,0
CUST07626,0.7153,1
CUST07627,0.7377,1
CUST07628,0.2361,1
CUST07629,0.0031,0
CUST07630,0.1472,1
CUST07631,0.7557,1
CUST07632,0.3631,0
CUST07633,0.0174,0
CUST07634,0.1367,0
CUST07635,0.5218,0
CUST07636,0.6416,1
CUST07637,0.5632,0
CUST07638,0.1119,0
CUST07639,0.1933,0
CUST07640,0.002,0
CUST07641,0.8536,1
CUST07642,0.0027,0
CUST07643,0.0028,0
CUST07644,0.547,0
CUST07645,0.682,0
CUST07646,0.0025,0
CUST07647,0.7692,1
CUST07648,0.2048,0
CUST07649,0.3285,0
CUST07650,0.0847,0
CUST07651,0.3601,0
CUST07652,0.2516,0
CUST07653,0.3877,0
CUST07654,0.9335,1
CUST07655,0.3748,0
CUST07656,0.4355,1
CUST07657,0.2477,0
CUST07658,0.0066,0
CUST07659,0.9492,1
CUST07660,0.7369,1
CUST07661,0.0795,0
CUST07662,0.4825,1
CUST07663,0.0019,0
CUST07664,0.0159,0
CUST07665,0.1042,0
CUST07666,0.0021,0
CUST07667,0.0994,0
CUST07668,0.0611,0
CUST07669,0.0024,0
CUST07670,0.717,0
CUST07671,0.002,0
CUST07672,0.4091,1
CUST07673,0.7557,1
CUST07674,0.1105,0
CUST07675,0.0046,0
CUST07676,0.3115,1
CUST07677,0.0504,0
CUST07678,0.7568,1
CUST07679,0.1336,0
CUST07680,0.3742,0
CUST07681,0.0021,0
CUST07682,0.0065,0
CUST07683,0.0346,0
CUST07684,0.8337,1
CUST07685,0.2381,0
CUST07686,0.002,0
CUST07687,0.2308,0
CUST07688,0.0041,0
CUST07689,0.0123,0
CUST07690,0.4833,0
CUST07691,0.7695,1
CUST07692,0.9338,1
CUST07693,0.6013,1
CUST07694,0.1861,1
CUST07695,0.0589,0
CUST07696,0.0055,0
CUST07697,0.1047,0
CUST07698,0.0023,0
CUST07699,0.0032,0
CUST07700,0.0193,0
CUST07701,0.0541,0
CUST07702,0.7176,0
CUST07703,0.5914,0
CUST07704,0.0109,0
CUST07705,0.0043,0
CUST07706,0.0028,0
CUST07707,0.8101,0
CUST07708,0.002,0
CUST07709,0.3155,1
CUST07710,0.1008,0
CUST07711,0.0934,0
CUST07712,0.144,1
CUST07713,0.7134,1
CUST07714,0.0063,0
CUST07715,0.0043,0
CUST07716,0.0025,0
CUST07717,0.052,0
CUST07718,0.0136,0
CUST07719,0.0304,0
CUST07720,0.119,0
CUST07721,0.3458,0
CUST07722,0.0634,0
CUST07723,0.0048,0
CUST07724,0.0033,0
CUST07725,0.1187,0
CUST07726,0.8096,1
CUST07727,0.7522,1
CUST07728,0.6763,1
CUST07729,0.1058,0
CUST07730,0.0096,0
CUST07731,0.1154,0
CUST07732,0.3263,1
CUST07733,0.0054,0
CUST07734,0.0643,0
CUST07735,0.7732,1
CUST07736,0.0614,0
CUST07737,0.8473,1
CUST07738,0.323,0
CUST07739,0.0069,0
CUST07740,0.5419,1
CUST07741,0.0064,0
CUST07742,0.1427,0
CUST07743,0.2736,0
CUST07744,0.7384,0
CUST07745,0.0061,0
CUST07746,0.4015,1
CUST07747,0.5102,0
CUST07748,0.0036,0
CUST07749,0.2619,0
CUST07750,0.0489,0
CUST07751,0.64,1
CUST07752,0.0047,0
CUST07753,0.0187,0
CUST07754,0.0375,0
CUST07755,0.8301,0
CUST07756,0.0056,0
CUST07757,0.6547,1
CUST07758,0.6748,1
CUST07759,0.2601,0
CUST07760,0.6781,0
CUST07761,0.003,0
CUST07762,0.8797,1
CUST07763,0.3087,0
CUST07764,0.0119,0
CUST07765,0.0038,0
CUST07766,0.8434,1
CUST07767,0.7112,1
CUST07768,0.6477,1
CUST07769,0.0192,0
CUST07770,0.0151,0
CUST07771,0.7423,1
CUST07772,0.0337,0
CUST07773,0.2731,0
CUST07774,0.489,0
CUST07775,0.0085,0
CUST07776,0.0026,0
CUST07777,0.2274,1
CUST07778,0.0023,0
CUST07779,0.5483,0
CUST07780,0.0032,0
CUST07781,0.0021,0
CUST07782,0.0529,0
CUST07783,0.1066,0
CUST07784,0.7483,1
CUST07785,0.2697,0
CUST07786,0.9245,1
CUST07787,0.864,1
CUST07788,0.0051,0
CUST07789,0.0837,0
CUST07790,0.0027,0
CUST07791,0.6156,1
CUST07792,0.0897,0
CUST07793,0.0939,0
CUST07794,0.2651,0
CUST07795,0.028,0
CUST07796,0.022,0
CUST07797,0.4913,1
CUST07798,0.0066,0
CUST07799,0.002,0
CUST07800,0.4936,0
CUST07801,0.852,1
CUST07802,0.0262,0
CUST07803,0.2891,1
CUST07804,0.0034,0
CUST07805,0.0911,0
CUST07806,0.8387,1
CUST07807,0.6678,1
CUST07808,0.8331,1
CUST07809,0.451,0
CUST07810,0.0859,0
CUST07811,0.1744,1
CUST07812,0.1995,0
CUST07813,0.2099,0
CUST07814,0.1653,0
CUST07815,0.0318,0
CUST07816,0.0055,0
CUST07817,0.0018,0
CUST07818,0.0024,0
CUST07819,0.7455,0
CUST07820,0.0555,0
CUST07821,0.3756,1
CUST07822,0.0096,0
CUST07823,0.0034,0
CUST07824,0.3491,0
CUST07825,0.0371,0
CUST07826,0.6966,0
CUST07827,0.7059,0
CUST07828,0.1562,0
CUST07829,0.7045,1
CUST07830,0.4765,1
CUST07831,0.0085,0
CUST07832,0.0163,0
CUST07833,0.7781,1
CUST07834,0.0042,0
CUST07835,0.312,1
CUST07836,0.0034,0
CUST07837,0.4448,1
CUST07838,0.0035,0
CUST07839,0.7122,1
CUST07840,0.0018,0
CUST07841,0.2085,0
CUST07842,0.0104,0
CUST07843,0.3683,1
CUST07844,0.0034,0
CUST07845,0.1461,0
CUST07846,0.0135,0
CUST07847,0.4589,1
CUST07848,0.6829,1
CUST07849,0.0086,0
CUST07850,0.003,0
CUST07851,0.0021,0
CUST07852,0.1752,0
CUST07853,0.0204,0
CUST07854,0.1601,0
CUST07855,0.0134,0
CUST07856,0.2379,0
CUST07857,0.3867,1
CUST07858,0.0536,0
CUST07859,0.8944,0
CUST07860,0.9266,1
CUST07861,0.3747,0
CUST07862,0.876,1
CUST07863,0.9073,1
CUST07864,0.003,0
CUST07865,0.0032,0
CUST07866,0.004,0
CUST07867,0.0022,0
CUST07868,0.7574,1
CUST07869,0.1691,1
CUST07870,0.0395,0
CUST07871,0.2807,1
CUST07872,0.7906,1
CUST07873,0.0027,0
CUST07874,0.043,0
CUST07875,0.9114,1
CUST07876,0.0059,0
CUST07877,0.8317,1
CUST07878,0.2002,1
CUST07879,0.0018,0
CUST07880,0.7412,0
CUST07881,0.0132,0
CUST07882,0.1058,0
CUST07883,0.0987,0
CUST07884,0.0098,0
CUST07885,0.0089,0
CUST07886,0.2791,1
CUST07887,0.0094,0
CUST07888,0.0056,0
CUST07889,0.2009,1
CUST07890,0.0709,0
CUST07891,0.0846,0
CUST07892,0.7888,1
CUST07893,0.0185,0
CUST07894,0.0495,0
CUST07895,0.3103,0
CUST07896,0.0416,0
CUST07897,0.179,0
CUST07898,0.4132,0
CUST07899,0.3224,0
CUST07900,0.0045,0
CUST07901,0.0269,0
CUST07902,0.0176,0
CUST07903,0.0079,0
CUST07904,0.019,0
CUST07905,0.8973,1
CUST07906,0.6224,0
CUST07907,0.0834,0
CUST07908,0.1811,0
CUST07909,0.629,0
CUST07910,0.1302,0
CUST07911,0.8533,1
CUST07912,0.0085,0
CUST07913,0.0024,0
CUST07914,0.0462,0
CUST07915,0.0126,0
CUST07916,0.0261,0
CUST07917,0.8438,1
CUST07918,0.1076,0
CUST07919,0.4667,0
CUST07920,0.0023,0
CUST07921,0.3995,0
CUST07922,0.0029,0
CUST07923,0.5383,0
CUST07924,0.0023,0
CUST07925,0.5313,0
CUST07926,0.1406,0
CUST07927,0.6519,1
CUST07928,0.0233,0
CUST07929,0.0939,0
CUST07930,0.9567,1
CUST07931,0.0737,0
CUST07932,0.1761,1
CUST07933,0.129,0
CUST07934,0.3976,0
CUST07935,0.6496,0
CUST07936,0.1359,0
CUST07937,0.1325,0
CUST07938,0.8188,1
CUST07939,0.0935,1
CUST07940,0.3207,0
CUST07941,0.5083,1
CUST07942,0.4816,0
CUST07943,0.0036,0
CUST07944,0.4109,1
CUST07945,0.0115,0
CUST07946,0.012,0
CUST07947,0.0031,0
CUST07948,0.6452,1
CUST07949,0.6213,1
CUST07950,0.0994,0
CUST07951,0.0947,0
CUST07952,0.3387,0
CUST07953,0.5568,0
CUST07954,0.7683,1
CUST07955,0.6472,0
CUST07956,0.0597,0
CUST07957,0.064,0
CUST07958,0.0046,0
CUST07959,0.0855,0
CUST07960,0.0111,0
CUST07961,0.9403,1
CUST07962,0.1976,0
CUST07963,0.0028,0
CUST07964,0.54,0
CUST07965,0.5293,1
CUST07966,0.2935,0
CUST07967,0.4073,1
CUST07968,0.3031,0
CUST07969,0.5229,0
CUST07970,0.0207,0
CUST07971,0.1185,0
CUST07972,0.0243,0
CUST07973,0.016,0
CUST07974,0.6848,1
CUST07975,0.6321,1
CUST07976,0.0464,0
CUST07977,0.3292,0
CUST07978,0.6213,0
CUST07979,0.0149,0
CUST07980,0.4964,1
CUST07981,0.0021,0
CUST07982,0.6596,0
CUST07983,0.0123,0
CUST07984,0.0032,0
CUST07985,0.4265,1
CUST07986,0.8704,1
CUST07987,0.0044,0
CUST07988,0.8362,1
CUST07989,0.7964,1
CUST07990,0.0022,0
CUST07991,0.0104,0
CUST07992,0.0041,0
CUST07993,0.0986,0
CUST07994,0.6242,1
CUST07995,0.7205,1
CUST07996,0.5306,0
CUST07997,0.0785,0
CUST07998,0.0027,0
CUST07999,0.0088,0
CUST08000,0.0085,0
CUST08001,0.1996,1
CUST08002,0.2585,0
CUST08003,0.1553,0
CUST08004,0.0023,0
CUST08005,0.0071,0
CUST08006,0.0029,0
CUST08007,0.1548,0
CUST08008,0.9071,1
CUST08009,0.1312,0
CUST08010,0.0022,0
CUST08011,0.0068,0
CUST08012,0.0631,0
CUST08013,0.9398,1
CUST08014,0.0032,0
CUST08015,0.3685,0
CUST08016,0.0017,0
CUST08017,0.0131,0
CUST08018,0.2994,1
CUST08019,0.3697,1
CUST08020,0.4524,1
CUST08021,0.0932,0
CUST08022,0.7132,1
CUST08023,0.1166,0
CUST08024,0.5159,1
CUST08025,0.0023,0
CUST08026,0.0023,0
CUST08027,0.0063,0
CUST08028,0.7269,0
CUST08029,0.8598,1
CUST08030,0.9519,1
CUST08031,0.0093,0
CUST08032,0.0173,0
CUST08033,0.0633,0
CUST08034,0.0348,0
CUST08035,0.3454,0
CUST08036,0.0028,0
CUST08037,0.1469,0
CUST08038,0.0087,0
CUST08039,0.005,0
CUST08040,0.3541,0
CUST08041,0.0021,0
CUST08042,0.3191,0
CUST08043,0.3386,0
CUST08044,0.1911,0
CUST08045,0.0447,0
CUST08046,0.3186,0
CUST08047,0.0018,0
CUST08048,0.0062,0
CUST08049,0.9119,1
CUST08050,0.248,0
CUST08051,0.659,1
CUST08052,0.0057,0
CUST08053,0.4744,0
CUST08054,0.7621,0
CUST08055,0.2414,0
CUST08056,0.1879,0
CUST08057,0.1051,0
CUST08058,0.0022,0
CUST08059,0.0073,0
CUST08060,0.0019,0
CUST08061,0.0045,0
CUST08062,0.0922,0
CUST08063,0.0091,0
CUST08064,0.3773,0
CUST08065,0.4951,1
CUST08066,0.0022,0
CUST08067,0.0467,0
CUST08068,0.0955,0
CUST08069,0.2361,0
CUST08070,0.7509,1
CUST08071,0.6091,0
CUST08072,0.3477,0
CUST08073,0.0042,0
CUST08074,0.1362,1
CUST08075,0.3166,0
CUST08076,0.684,1
CUST08077,0.0029,0
CUST08078,0.0018,0
CUST08079,0.5721,1
CUST08080,0.0018,0
CUST08081,0.0024,0
CUST08082,0.3679,1
CUST08083,0.3076,1
CUST08084,0.0449,0
CUST08085,0.1997,0
CUST08086,0.0021,0
CUST08087,0.7212,1
CUST08088,0.7567,1
CUST08089,0.4119,0
CUST08090,0.0114,0
CUST08091,0.0071,0
CUST08092,0.0024,0
CUST08093,0.9078,1
CUST08094,0.4972,1
CUST08095,0.0066,0
CUST08096,0.0599,0
CUST08097,0.0063,0
CUST08098,0.6861,1
CUST08099,0.9246,1
CUST08100,0.0212,0
CUST08101,0.0363,0
CUST08102,0.7109,1
CUST08103,0.0025,0
CUST08104,0.0045,0
CUST08105,0.0022,0
CUST08106,0.0029,0
CUST08107,0.0035,0
CUST08108,0.0025,0
CUST08109,0.0374,0
CUST08110,0.9173,1
CUST08111,0.8803,1
CUST08112,0.0036,0
CUST08113,0.7427,0
CUST08114,0.3612,0
CUST08115,0.0025,0
CUST08116,0.0045,0
CUST08117,0.0038,0
CUST08118,0.2773,1
CUST08119,0.013,0
CUST08120,0.0031,0
CUST08121,0.8706,1
CUST08122,0.7555,1
CUST08123,0.0062,0
CUST08124,0.8304,1
CUST08125,0.0108,0
CUST08126,0.3076,1
CUST08127,0.0027,0
CUST08128,0.1273,0
CUST08129,0.698,1
CUST08130,0.3574,0
CUST08131,0.0311,1
CUST08132,0.1163,0
CUST08133,0.1801,0
CUST08134,0.0243,0
CUST08135,0.0035,0
CUST08136,0.5234,0
CUST08137,0.4376,1
CUST08138,0.8961,1
CUST08139,0.0022,0
CUST08140,0.3564,0
CUST08141,0.1284,0
CUST08142,0.005,0
CUST08143,0.4139,0
CUST08144,0.0534,0
CUST08145,0.4775,0
CUST08146,0.8724,1
CUST08147,0.6774,0
CUST08148,0.0032,0
CUST08149,0.0032,0
CUST08150,0.0165,0
CUST08151,0.002,0
CUST08152,0.002,0
CUST08153,0.0028,0
CUST08154,0.1542,0
CUST08155,0.9399,1
CUST08156,0.6409,1
CUST08157,0.7205,1
CUST08158,0.1658,0
CUST08159,0.3574,1
CUST08160,0.0031,0
CUST08161,0.8703,1
CUST08162,0.8838,1
CUST08163,0.0034,0
CUST08164,0.447,0
CUST08165,0.1113,0
CUST08166,0.0783,1
CUST08167,0.8673,1
CUST08168,0.0036,0
CUST08169,0.0304,0
CUST08170,0.0035,0
CUST08171,0.2739,0
CUST08172,0.0076,0
CUST08173,0.0667,0
CUST08174,0.003,0
CUST08175,0.0668,0
CUST08176,0.0034,0
CUST08177,0.5408,0
CUST08178,0.0247,0
CUST08179,0.0043,0
CUST08180,0.0106,0
CUST08181,0.2007,0
CUST08182,0.0026,0
CUST08183,0.7189,1
CUST08184,0.0057,0
CUST08185,0.2187,0
CUST08186,0.4001,0
CUST08187,0.0628,0
CUST08188,0.0026,0
CUST08189,0.1298,0
CUST08190,0.789,0
CUST08191,0.0902,0
CUST08192,0.0043,0
CUST08193,0.1796,0
CUST08194,0.0434,0
CUST08195,0.7914,1
CUST08196,0.0017,0
CUST08197,0.0029,0
CUST08198,0.3929,0
CUST08199,0.008,0
CUST08200,0.6362,1
CUST08201,0.0046,0
CUST08202,0.6003,1
CUST08203,0.0253,0
CUST08204,0.7104,1
CUST08205,0.1337,0
CUST08206,0.0056,0
CUST08207,0.0302,0
CUST08208,0.8451,1
CUST08209,0.0295,0
CUST08210,0.3819,0
CUST08211,0.0409,0
CUST08212,0.0514,0
CUST08213,0.0659,0
CUST08214,0.0106,0
CUST08215,0.3433,0
CUST08216,0.0131,0
CUST08217,0.4728,0
CUST08218,0.1734,1
CUST08219,0.4505,1
CUST08220,0.4376,1
CUST08221,0.3676,0
CUST08222,0.6546,0
CUST08223,0.7814,1
CUST08224,0.1144,0
CUST08225,0.0021,0
CUST08226,0.1714,0
CUST08227,0.0067,0
CUST08228,0.5176,1
CUST08229,0.2111,0
CUST08230,0.0091,0
CUST08231,0.0886,0
CUST08232,0.0108,0
CUST08233,0.1208,0
CUST08234,0.0335,0
CUST08235,0.0026,0
CUST08236,0.0871,0
CUST08237,0.2569,0
CUST08238,0.3914,1
CUST08239,0.0143,0
CUST08240,0.0075,0
CUST08241,0.013,0
CUST08242,0.0038,0
CUST08243,0.1343,0
CUST08244,0.0133,0
CUST08245,0.6351,0
CUST08246,0.8926,1
CUST08247,0.0559,0
CUST08248,0.1336,0
CUST08249,0.0107,0
CUST08250,0.22,1
CUST08251,0.0045,0
CUST08252,0.1438,0
CUST08253,0.1744,0
CUST08254,0.5485,1
CUST08255,0.7022,1
CUST08256,0.4404,0
CUST08257,0.8883,1
CUST08258,0.6521,0
CUST08259,0.0016,0
CUST08260,0.9338,1
CUST08261,0.4862,1
CUST08262,0.0033,0
CUST08263,0.3713,1
CUST08264,0.5811,1
CUST08265,0.6951,1
CUST08266,0.0051,0
CUST08267,0.0021,0
CUST08268,0.9266,0
CUST08269,0.6298,1
CUST08270,0.3891,1
CUST08271,0.007,0
CUST08272,0.8643,1
CUST08273,0.1028,0
CUST08274,0.0302,0
CUST08275,0.0582,0
CUST08276,0.7741,1
CUST08277,0.1093,0
CUST08278,0.2328,0
CUST08279,0.2916,0
CUST08280,0.1228,1
CUST08281,0.7861,1
CUST08282,0.4304,1
CUST08283,0.0031,0
CUST08284,0.0042,0
CUST08285,0.0976,0
CUST08286,0.2178,1
CUST08287,0.0576,0
CUST08288,0.002,0
CUST08289,0.0036,0
CUST08290,0.003,0
CUST08291,0.718,0
CUST08292,0.8732,1
CUST08293,0.0025,0
CUST08294,0.0033,0
CUST08295,0.0021,0
CUST08296,0.6054,1
CUST08297,0.2952,0
CUST08298,0.0195,0
CUST08299,0.4517,0
CUST08300,0.2198,0
CUST08301,0.1557,0
CUST08302,0.4625,1
CUST08303,0.2743,0
CUST08304,0.0143,0
CUST08305,0.778,1
CUST08306,0.9289,1
CUST08307,0.0059,0
CUST08308,0.3569,1
CUST08309,0.7417,0
CUST08310,0.8917,1
CUST08311,0.41,1
CUST08312,0.0019,0
CUST08313,0.8301,0
CUST08314,0.0022,0
CUST08315,0.0071,0
CUST08316,0.1616,0
CUST08317,0.7522,1
CUST08318,0.0041,0
CUST08319,0.5166,1
CUST08320,0.0502,0
